{"em": 0.5850101282916949, "f1": 0.7247479550197258, "prec": 0.7561542647464308, "recall": 0.7344142131385457, "sp_em": 0.5331532748143146, "sp_f1": 0.8524453421887846, "sp_prec": 0.8640625703353677, "sp_recall": 0.8698164046172218, "joint_em": 0.33544902093180284, "joint_f1": 0.633557311882955, "joint_prec": 0.6707397954659932, "joint_recall": 0.651907112697784}