{"em": 0.35327481431465224, "f1": 0.4854139261566839, "prec": 0.5044391425215193, "recall": 0.5120987381588331, "sp_em": 0.13355840648210668, "sp_f1": 0.6642983387683024, "sp_prec": 0.6225494454528878, "sp_recall": 0.7920560432140465, "joint_em": 0.04780553679945983, "joint_f1": 0.33519592619125943, "joint_prec": 0.3206655993501523, "joint_recall": 0.42629780555928315}