{"em": 0.15192437542201215, "f1": 0.2310899788909378, "prec": 0.23257431592340386, "recall": 0.2639721923736102, "sp_em": 0.07602970965563809, "sp_f1": 0.5657122006210523, "sp_prec": 0.5422113436866953, "sp_recall": 0.6597167293656159, "joint_em": 0.015530047265361242, "joint_f1": 0.1426192346454212, "joint_prec": 0.13638560449228862, "joint_recall": 0.1944469174010026}