{"em": 0.06158001350438893, "f1": 0.1257469426671236, "prec": 0.11839892982701908, "recall": 0.17132972211972897, "sp_em": 0.04321404456448346, "sp_f1": 0.5251953703135367, "sp_prec": 0.4756242564547786, "sp_recall": 0.6508637985916843, "joint_em": 0.004186360567184335, "joint_f1": 0.06963074835325651, "joint_prec": 0.06073027055114445, "joint_recall": 0.12088997780422485}