{"em": 0.287778528021607, "f1": 0.4159571694285395, "prec": 0.42925346242024276, "recall": 0.45003177930929467, "sp_em": 0.13531397704253884, "sp_f1": 0.6431563260057601, "sp_prec": 0.6226027078930505, "sp_recall": 0.746207035143565, "joint_em": 0.03848750844024308, "joint_f1": 0.27991178516190096, "joint_prec": 0.2733544872265104, "joint_recall": 0.3565314024260679}