{"em": 0.548953409858204, "f1": 0.6889289249746818, "prec": 0.7237453955752396, "recall": 0.6974952167271552, "sp_em": 0.46954760297096554, "sp_f1": 0.8243427620470417, "sp_prec": 0.8468737339635461, "sp_recall": 0.8374431690299415, "joint_em": 0.27440918298447, "joint_f1": 0.5843062037558837, "joint_prec": 0.6302258234425668, "joint_recall": 0.6005421557710517}