{"em": 0.611613774476705, "f1": 0.7508391623488282, "prec": 0.7801759595345005, "recall": 0.7620917218227272, "sp_em": 0.5427413909520594, "sp_f1": 0.8554946741307581, "sp_prec": 0.8742516317803352, "sp_recall": 0.8664632970001037, "joint_em": 0.3546252532072924, "joint_f1": 0.6582509112734111, "joint_prec": 0.6982759920450673, "joint_recall": 0.6753545101510118}