{"em": 0.562052667116813, "f1": 0.7051969468157007, "prec": 0.7376833212552315, "recall": 0.7153445935664835, "sp_em": 0.4825118163403106, "sp_f1": 0.8362209243978606, "sp_prec": 0.834922028230612, "sp_recall": 0.8715491463297074, "joint_em": 0.28953409858203916, "joint_f1": 0.6049900754545776, "joint_prec": 0.633856418339706, "joint_recall": 0.6361795596982066}