{"em": 0.5936529372045914, "f1": 0.7349246449728979, "prec": 0.7637745981230106, "recall": 0.7458647000459977, "sp_em": 0.5245104659014179, "sp_f1": 0.8489256313496968, "sp_prec": 0.8628921899617453, "sp_recall": 0.8650144689881419, "joint_em": 0.33531397704253885, "joint_f1": 0.6404388979143398, "joint_prec": 0.6753704504484866, "joint_recall": 0.6610088270820884}