{"em": 0.4912896691424713, "f1": 0.6288336736959983, "prec": 0.6625314028757652, "recall": 0.6391282914324781, "sp_em": 0.33193787981093853, "sp_f1": 0.7613614587078723, "sp_prec": 0.7700964599209122, "sp_recall": 0.8000813478666314, "joint_em": 0.17852802160702227, "joint_f1": 0.49667185279813736, "joint_prec": 0.526019720065002, "joint_recall": 0.5305197235617533}