{
    "em": 0.4198514517218096,
    "f1": 0.5567786467171568,
    "prec": 0.5886455554348872,
    "recall": 0.5695996900166379,
    "sp_em": 0.23362592842673868,
    "sp_f1": 0.7076773327955141,
    "sp_prec": 0.7087981093855554,
    "sp_recall": 0.7729002282884819,
    "joint_em": 0.1024983119513842,
    "joint_f1": 0.41154368391575386,
    "joint_prec": 0.4288344557706925,
    "joint_recall": 0.4634724608424795
}