{"em": 0.0437542201215395, "f1": 0.11270076969334611, "prec": 0.10595578215767294, "recall": 0.15542199682238214, "sp_em": 0.0002700877785280216, "sp_f1": 0.2939957104857611, "sp_prec": 0.18450381907130742, "sp_recall": 0.8495066075045843, "joint_em": 0.0001350438892640108, "joint_f1": 0.03333313313963314, "joint_prec": 0.021160379580020934, "joint_recall": 0.13546550365690846}