{"em": 0.4737339635381499, "f1": 0.610142343386534, "prec": 0.6421692251030539, "recall": 0.6218560318442156, "sp_em": 0.29318028359216747, "sp_f1": 0.7473296191392318, "sp_prec": 0.7416478569820979, "sp_recall": 0.8053731391273617, "joint_em": 0.15016880486158002, "joint_f1": 0.47407493790499994, "joint_prec": 0.4919929822293519, "joint_recall": 0.5213745533294799}