{"em": 0.0006752194463200541, "f1": 0.04312441131334919, "prec": 0.0349290689803856, "recall": 0.07993794661954086, "sp_em": 0.0002700877785280216, "sp_f1": 0.30625789537904824, "sp_prec": 0.1925661086258941, "sp_recall": 0.85454567377255, "joint_em": 0.0, "joint_f1": 0.011872954474309756, "joint_prec": 0.007077690943642945, "joint_recall": 0.06899635553750416}