{"em": 0.07548953409858204, "f1": 0.13857010108005638, "prec": 0.13471645580018304, "recall": 0.16878826443578016, "sp_em": 0.012964213369345038, "sp_f1": 0.4198756099348895, "sp_prec": 0.32254538239251374, "sp_recall": 0.7008694254204035, "joint_em": 0.0013504388926401081, "joint_f1": 0.06287141891294697, "joint_prec": 0.04837323380464462, "joint_recall": 0.12827125799709874}