{"em": 0.4853477380148548, "f1": 0.6216979251982918, "prec": 0.6549533799533803, "recall": 0.6322366752836034, "sp_em": 0.31330182309250504, "sp_f1": 0.7599355959518277, "sp_prec": 0.7517883669335473, "sp_recall": 0.8164608855020775, "joint_em": 0.1636731937879811, "joint_f1": 0.4893401552010443, "joint_prec": 0.5073554441103817, "joint_recall": 0.5346026203521114}