{"em": 0.059824442943956786, "f1": 0.13046212098013737, "prec": 0.1222349722451006, "recall": 0.17397434926399857, "sp_em": 0.010938555030384874, "sp_f1": 0.304734689099419, "sp_prec": 0.2735978868228905, "sp_recall": 0.4300689688434462, "joint_em": 0.0006752194463200541, "joint_f1": 0.04209263798620232, "joint_prec": 0.0361076219367416, "joint_recall": 0.08121345000495608}