{"em": 0.5862255232950709, "f1": 0.7246124247752438, "prec": 0.7565245782801485, "recall": 0.7334027739063103, "sp_em": 0.5366644159351789, "sp_f1": 0.8504666321749642, "sp_prec": 0.8711771325680941, "sp_recall": 0.8595244525899555, "joint_em": 0.33936529372045915, "joint_f1": 0.6322221601822814, "joint_prec": 0.6759297331697744, "joint_recall": 0.6450345593939346}