{"em": 0.04294395678595544, "f1": 0.09900126300667403, "prec": 0.10657071715140584, "recall": 0.12159932669485041, "sp_em": 0.0013504388926401081, "sp_f1": 0.4201330116898193, "sp_prec": 0.2868160112035193, "sp_recall": 0.8892853927526457, "joint_em": 0.0, "joint_f1": 0.04504620608188364, "joint_prec": 0.03304892120353969, "joint_recall": 0.11329298508837372}