{"em": 0.5384199864956111, "f1": 0.6774033803306474, "prec": 0.7125569819931727, "recall": 0.6855212229064361, "sp_em": 0.4464550979068197, "sp_f1": 0.8178594569209293, "sp_prec": 0.822642358766609, "sp_recall": 0.8475213015658722, "joint_em": 0.26306549628629305, "joint_f1": 0.5719211886012352, "joint_prec": 0.6035742774493593, "joint_recall": 0.5979482593456238}