{"em": 0.5451721809588116, "f1": 0.6857513546764489, "prec": 0.7214726139641727, "recall": 0.6932473279215345, "sp_em": 0.45455773126266036, "sp_f1": 0.8240005436832188, "sp_prec": 0.8231960387125916, "sp_recall": 0.8585444197935826, "joint_em": 0.2656313301823093, "joint_f1": 0.580140802497547, "joint_prec": 0.6086445222444524, "joint_recall": 0.6103266936129844}