{"em": 0.5593517893315327, "f1": 0.6998343612890657, "prec": 0.7363947726067902, "recall": 0.7054075171208871, "sp_em": 0.49466576637407156, "sp_f1": 0.83334546389917, "sp_prec": 0.8555142921449549, "sp_recall": 0.8438423201826385, "joint_em": 0.29655638082376773, "joint_f1": 0.5999190316974867, "joint_prec": 0.647510051793305, "joint_recall": 0.611295409788149}