{"em": 0.05577312626603646, "f1": 0.1102361488152295, "prec": 0.11216767215079164, "recall": 0.12770490067407891, "sp_em": 0.015935178933153275, "sp_f1": 0.45271629233818883, "sp_prec": 0.3526812138388268, "sp_recall": 0.7198237998778169, "joint_em": 0.001485482781904119, "joint_f1": 0.05700314862975042, "joint_prec": 0.04626692841305983, "joint_recall": 0.10140204867575084}