{"em": 0.5359891964888589, "f1": 0.6774326410434232, "prec": 0.7116076739675653, "recall": 0.6864738133424838, "sp_em": 0.4540175557056043, "sp_f1": 0.8179208210201039, "sp_prec": 0.8338082376772545, "sp_recall": 0.8373827208128423, "joint_em": 0.2596893990546928, "joint_f1": 0.5703037558506773, "joint_prec": 0.6090107520333689, "joint_recall": 0.5909948400687738}