{"em": 0.34814314652261985, "f1": 0.48528520226204563, "prec": 0.5011126584421663, "recall": 0.5163134878850614, "sp_em": 0.1762322754895341, "sp_f1": 0.6851921257525723, "sp_prec": 0.6597547238566832, "sp_recall": 0.7866393363557466, "joint_em": 0.07116812964213369, "joint_f1": 0.3468178251963809, "joint_prec": 0.3447607953487905, "joint_recall": 0.4222675285926461}