{"em": 0.013909520594193113, "f1": 0.057221635450193285, "prec": 0.06057519830308489, "recall": 0.07441847864306848, "sp_em": 0.012964213369345038, "sp_f1": 0.44477933288627985, "sp_prec": 0.3443814245285785, "sp_recall": 0.7407179833445884, "joint_em": 0.0002700877785280216, "joint_f1": 0.02839611509722159, "joint_prec": 0.023923103322680037, "joint_recall": 0.05952399386083899}