{"em": 0.12086428089128967, "f1": 0.19473546359631158, "prec": 0.19255189779835258, "recall": 0.22614475032366368, "sp_em": 0.137474679270763, "sp_f1": 0.582805970381938, "sp_prec": 0.6111393524323965, "sp_recall": 0.6208625124594075, "joint_em": 0.024848075624577987, "joint_f1": 0.1268943562974896, "joint_prec": 0.129520987697268, "joint_recall": 0.15950295962380406}