{"em": 0.08710330857528698, "f1": 0.1497649514227298, "prec": 0.14619729471518822, "recall": 0.17708353391675483, "sp_em": 0.09979743416610398, "sp_f1": 0.5553982381936504, "sp_prec": 0.5658768206810036, "sp_recall": 0.6136027780457225, "joint_em": 0.013369345037137069, "joint_f1": 0.09594109704822727, "joint_prec": 0.09434718843118063, "joint_recall": 0.12647972416709757}