{"em": 0.25442268737339635, "f1": 0.368143916335909, "prec": 0.3731634477009228, "recall": 0.4053216867160149, "sp_em": 0.15921674544226874, "sp_f1": 0.5715060024378055, "sp_prec": 0.676975499180092, "sp_recall": 0.5462345262210229, "joint_em": 0.04699527346387576, "joint_f1": 0.22967615004587386, "joint_prec": 0.2654947272324047, "joint_recall": 0.2494074607401746}