{"em": 0.5569209993247806, "f1": 0.6974679123813412, "prec": 0.7293520733898845, "recall": 0.7074012492496632, "sp_em": 0.49196488858879134, "sp_f1": 0.8329340139941351, "sp_prec": 0.8527156683064938, "sp_recall": 0.8472188997138432, "joint_em": 0.29358541525995946, "joint_f1": 0.5980313281268872, "joint_prec": 0.6392328985379289, "joint_recall": 0.6158932698581577}