{"em": 0.5837947332883187, "f1": 0.7278037156307161, "prec": 0.758456182200273, "recall": 0.7388752731229015, "sp_em": 0.5405806887238352, "sp_f1": 0.8557823000767221, "sp_prec": 0.866430339860464, "sp_recall": 0.8733132375164852, "joint_em": 0.33733963538149897, "joint_f1": 0.6389190154451186, "joint_prec": 0.6746504133448769, "joint_recall": 0.6595442322179228}