{"em": 0.5523295070898042, "f1": 0.6936568824081892, "prec": 0.7281313142555536, "recall": 0.7019970027346809, "sp_em": 0.4598244429439568, "sp_f1": 0.8262437727326569, "sp_prec": 0.8231757821292028, "sp_recall": 0.8636272145590238, "joint_em": 0.27211343686698175, "joint_f1": 0.5899239703270834, "joint_prec": 0.616059615291551, "joint_recall": 0.6224481066923662}