{"em": 0.5683997299122214, "f1": 0.7081149921753974, "prec": 0.7373822044112384, "recall": 0.7200029813010916, "sp_em": 0.5081701553004726, "sp_f1": 0.8362716194451756, "sp_prec": 0.8596128741841174, "sp_recall": 0.8443400533744967, "joint_em": 0.3097906819716408, "joint_f1": 0.609335978783732, "joint_prec": 0.6510336638628325, "joint_recall": 0.6244633070870397}