{"em": 0.5790681971640783, "f1": 0.7189555507623224, "prec": 0.750103640451378, "recall": 0.7287008064708949, "sp_em": 0.525725860904794, "sp_f1": 0.8443741651101792, "sp_prec": 0.8689534098582111, "sp_recall": 0.8501517636088936, "joint_em": 0.3226198514517218, "joint_f1": 0.6225919209400764, "joint_prec": 0.6682035372035373, "joint_recall": 0.6343377435516183}