{"em": 0.5511141120864281, "f1": 0.6928779594810345, "prec": 0.7262302709669352, "recall": 0.7021949048400774, "sp_em": 0.46455097906819715, "sp_f1": 0.8249145700125035, "sp_prec": 0.827803286067983, "sp_recall": 0.8559076878557024, "joint_em": 0.275219446320054, "joint_f1": 0.5882472137937534, "joint_prec": 0.6179582343157608, "joint_recall": 0.6168869592844928}