{"em": 0.06833220796758947, "f1": 0.14440781868828514, "prec": 0.1368853541237066, "recall": 0.1836479204642608, "sp_em": 0.06441593517893315, "sp_f1": 0.5628623653336731, "sp_prec": 0.5286602788763466, "sp_recall": 0.6717557313269661, "joint_em": 0.007292370020256583, "joint_f1": 0.08927197832092083, "joint_prec": 0.0810048450998821, "joint_recall": 0.13810280598936903}