{"em": 0.18811613774476704, "f1": 0.3022969989383532, "prec": 0.3025003625678847, "recall": 0.3487452147927975, "sp_em": 0.1736664415935179, "sp_f1": 0.6547415215139823, "sp_prec": 0.6521466083620024, "sp_recall": 0.7303599562715039, "joint_em": 0.034031060094530725, "joint_f1": 0.20707457953711084, "joint_prec": 0.20174615939116292, "joint_recall": 0.27547455942220994}