{"em": 0.26927751519243753, "f1": 0.41230018703015187, "prec": 0.41164609379666905, "recall": 0.4674287629993234, "sp_em": 0.12977717758271437, "sp_f1": 0.6400647248317821, "sp_prec": 0.6190661071991218, "sp_recall": 0.7438119353075482, "joint_em": 0.03659689399054693, "joint_f1": 0.27443075984958926, "joint_prec": 0.26145606734026827, "joint_recall": 0.36660542642142807}