{"em": 0.0051316677920324105, "f1": 0.039278518633320325, "prec": 0.043754903285625764, "recall": 0.05526844563644016, "sp_em": 0.0005401755570560432, "sp_f1": 0.3562416449472517, "sp_prec": 0.23106776472076998, "sp_recall": 0.8967655380855948, "joint_em": 0.0, "joint_f1": 0.014829993912949474, "joint_prec": 0.010545868733607524, "joint_recall": 0.05220269683301414}