{"em": 0.036326806212018906, "f1": 0.10988321152220673, "prec": 0.14319764937590737, "recall": 0.10274357160582692, "sp_em": 0.04726536124240378, "sp_f1": 0.5610402883934269, "sp_prec": 0.4987244783125945, "sp_recall": 0.7142733352625315, "joint_em": 0.0021607022282241727, "joint_f1": 0.07150885667441723, "joint_prec": 0.08093102998413115, "joint_recall": 0.08204574178915836}