{"em": 0.5546252532072924, "f1": 0.697205822153815, "prec": 0.7304862696760056, "recall": 0.7073108190106846, "sp_em": 0.4474004051316678, "sp_f1": 0.8244401475934515, "sp_prec": 0.8223764509179877, "sp_recall": 0.8624680878428413, "joint_em": 0.26684672518568536, "joint_f1": 0.5909818654197986, "joint_prec": 0.6173794912230063, "joint_recall": 0.6248362405469071}