{"em": 0.5200540175557056, "f1": 0.6585626241792845, "prec": 0.6962271287119358, "recall": 0.6645670720231832, "sp_em": 0.41836596893990546, "sp_f1": 0.8034773074476226, "sp_prec": 0.8170496125526606, "sp_recall": 0.8306953152631792, "joint_em": 0.23443619176232275, "joint_f1": 0.5467225398257524, "joint_prec": 0.5862338716947536, "joint_recall": 0.5700552170776653}