{"em": 0.5446320054017556, "f1": 0.6854744656026829, "prec": 0.716076445124385, "recall": 0.6977033153282315, "sp_em": 0.462660364618501, "sp_f1": 0.8233328851357484, "sp_prec": 0.8334822031446029, "sp_recall": 0.8475647085302799, "joint_em": 0.2649561107359892, "joint_f1": 0.5802325138442377, "joint_prec": 0.6127728851349696, "joint_recall": 0.606589160857896}