{"em": 0.5534098582039163, "f1": 0.6944197372460429, "prec": 0.7293168632702717, "recall": 0.7015611095709006, "sp_em": 0.47792032410533425, "sp_f1": 0.8273447604237878, "sp_prec": 0.8430558502942123, "sp_recall": 0.8463276100447001, "joint_em": 0.28453747467927076, "joint_f1": 0.591030538015578, "joint_prec": 0.6320924395208654, "joint_recall": 0.609117841851297}