{"em": 0.513301823092505, "f1": 0.6526587027764709, "prec": 0.6910532310363501, "recall": 0.65860852348192, "sp_em": 0.4014854827819041, "sp_f1": 0.7942087269771531, "sp_prec": 0.8099054692775259, "sp_recall": 0.8224557088196568, "joint_em": 0.2226873733963538, "joint_f1": 0.536723929341649, "joint_prec": 0.5767944340098733, "joint_recall": 0.5610589411776088}