{"em": 0.5316677920324105, "f1": 0.6727282441430925, "prec": 0.7082264483209786, "recall": 0.6801387124766607, "sp_em": 0.4338960162052667, "sp_f1": 0.8144928887603031, "sp_prec": 0.8163245554805415, "sp_recall": 0.8478216134529517, "joint_em": 0.24834571235651587, "joint_f1": 0.5655800238327279, "joint_prec": 0.5958196895009834, "joint_recall": 0.5934766665300061}