{"em": 0.05779878460499662, "f1": 0.128387618858388, "prec": 0.12053067646585558, "recall": 0.17297658864505608, "sp_em": 0.02147197839297772, "sp_f1": 0.3799345589792431, "sp_prec": 0.312947994512446, "sp_recall": 0.6001286132278709, "joint_em": 0.0010803511141120863, "joint_f1": 0.05221609933576843, "joint_prec": 0.04128433399763204, "joint_recall": 0.1119352470247135}