{"em": 0.14233625928426738, "f1": 0.21493568551713463, "prec": 0.2150007348791952, "recall": 0.2434465754243726, "sp_em": 0.03821742066171506, "sp_f1": 0.4687628849307467, "sp_prec": 0.4005716552503731, "sp_recall": 0.6618042828204871, "joint_em": 0.007157326130992573, "joint_f1": 0.1071948048622982, "joint_prec": 0.09186788113715831, "joint_recall": 0.17387897182233267}