{"em": 0.07805536799459824, "f1": 0.1451024866823637, "prec": 0.1400888300685734, "recall": 0.18357888041885342, "sp_em": 0.02214719783929777, "sp_f1": 0.4253942040696447, "sp_prec": 0.34376756595574615, "sp_recall": 0.6707133211150768, "joint_em": 0.0024307900067521947, "joint_f1": 0.06604472649833279, "joint_prec": 0.05244033493837183, "joint_recall": 0.13320909958823518}