{"em": 0.029169480081026333, "f1": 0.08541949703730399, "prec": 0.08386039348902276, "recall": 0.11626642694839866, "sp_em": 0.0005401755570560432, "sp_f1": 0.2944496863963942, "sp_prec": 0.18569845485336922, "sp_recall": 0.8482550400308697, "joint_em": 0.0, "joint_f1": 0.025537915894260747, "joint_prec": 0.016476589403935725, "joint_recall": 0.1006055546973845}