{"em": 0.48953409858203917, "f1": 0.6270982450500354, "prec": 0.6636260487205788, "recall": 0.63559923014455, "sp_em": 0.28278190411883863, "sp_f1": 0.7452714372431041, "sp_prec": 0.7357223240410329, "sp_recall": 0.8106186296260607, "joint_em": 0.14719783929777178, "joint_f1": 0.484899006719646, "joint_prec": 0.5020933491196768, "joint_recall": 0.535085771025078}