{"em": 0.20216070222822416, "f1": 0.28643891910654024, "prec": 0.29317133612879703, "recall": 0.31296498028942316, "sp_em": 0.041053342336259284, "sp_f1": 0.4711555633212086, "sp_prec": 0.40778007456214344, "sp_recall": 0.6466279219317702, "joint_em": 0.009723160027008779, "joint_f1": 0.14207274668657166, "joint_prec": 0.12595062345540572, "joint_recall": 0.21430107292362496}