{"em": 0.5292370020256584, "f1": 0.6702446772219336, "prec": 0.7080375450193135, "recall": 0.6776431283099078, "sp_em": 0.4580688723835247, "sp_f1": 0.8208685147848142, "sp_prec": 0.8323317578213014, "sp_recall": 0.8443517893315396, "joint_em": 0.2645509790681972, "joint_f1": 0.5684638335070951, "joint_prec": 0.6079332820379386, "joint_recall": 0.5882243811406511}