{"em": 0.04186360567184335, "f1": 0.0980743594290104, "prec": 0.10108168221605085, "recall": 0.12126688098765798, "sp_em": 0.01850101282916948, "sp_f1": 0.4522239017186505, "sp_prec": 0.3559476746206181, "sp_recall": 0.7157695894022696, "joint_em": 0.0010803511141120863, "joint_f1": 0.05008872745367979, "joint_prec": 0.041155506617763044, "joint_recall": 0.0958577033620724}