{"em": 0.05037137069547603, "f1": 0.10888943642698598, "prec": 0.11694782297753267, "recall": 0.12585935056324704, "sp_em": 0.0001350438892640108, "sp_f1": 0.2980046967826333, "sp_prec": 0.17976292508438008, "sp_recall": 0.9907482074531367, "joint_em": 0.0001350438892640108, "joint_f1": 0.034708790865594114, "joint_prec": 0.022271660444472947, "joint_recall": 0.12485653763605874}