{"em": 0.5245104659014179, "f1": 0.6625521724447003, "prec": 0.6981356995469074, "recall": 0.6696882296561567, "sp_em": 0.4090479405806887, "sp_f1": 0.7977356329618581, "sp_prec": 0.8119716407832652, "sp_recall": 0.8238646667309786, "joint_em": 0.2310600945307225, "joint_f1": 0.5458924418138245, "joint_prec": 0.5833469462240517, "joint_recall": 0.5695668041601503}