{"em": 0.5301823092505065, "f1": 0.6688477872061256, "prec": 0.7071613003247027, "recall": 0.674197838136056, "sp_em": 0.4347062795408508, "sp_f1": 0.8114720953141198, "sp_prec": 0.8206189511591357, "sp_recall": 0.8395389215780896, "joint_em": 0.2461850101282917, "joint_f1": 0.558816718630545, "joint_prec": 0.5953739660069812, "joint_recall": 0.5821591619736431}