{"em": 0.5580013504388927, "f1": 0.6993655733920694, "prec": 0.7312872542717238, "recall": 0.7100355681905316, "sp_em": 0.4961512491559757, "sp_f1": 0.8318779187651832, "sp_prec": 0.8562052667116903, "sp_recall": 0.8405178290087202, "joint_em": 0.29655638082376773, "joint_f1": 0.598353924967765, "joint_prec": 0.6443418997100625, "joint_recall": 0.612565990377939}