{"em": 0.05293720459149223, "f1": 0.1167895873782735, "prec": 0.11560780093190626, "recall": 0.1473717146759011, "sp_em": 0.009182984469952735, "sp_f1": 0.3811941004416364, "sp_prec": 0.28691809951514546, "sp_recall": 0.6762287386257664, "joint_em": 0.0008102633355840649, "joint_f1": 0.048382073358277766, "joint_prec": 0.03736229383568714, "joint_recall": 0.10694728980600017}