{"em": 0.011073598919648885, "f1": 0.08046594864385206, "prec": 0.08006212708440939, "recall": 0.11887177174989484, "sp_em": 0.024442943956785954, "sp_f1": 0.46611131342425305, "sp_prec": 0.3799602353744956, "sp_recall": 0.7028999067554107, "joint_em": 0.0004051316677920324, "joint_f1": 0.040966294469660054, "joint_prec": 0.0349514547809559, "joint_recall": 0.09104357836126911}