{"em": 0.0022957461174881837, "f1": 0.04077285409280342, "prec": 0.040014755669718474, "recall": 0.06577593055420033, "sp_em": 0.0016205266711681297, "sp_f1": 0.37048080482623247, "sp_prec": 0.2611061179798476, "sp_recall": 0.7182550400308679, "joint_em": 0.0, "joint_f1": 0.014943663212929646, "joint_prec": 0.011061725303843766, "joint_recall": 0.04844712109482533}