{"em": 0.0031060094530722484, "f1": 0.046370897276113286, "prec": 0.04053192512341732, "recall": 0.08166947382054422, "sp_em": 0.0013504388926401081, "sp_f1": 0.3687607525378038, "sp_prec": 0.2577017145957005, "sp_recall": 0.7271634352593176, "joint_em": 0.0, "joint_f1": 0.01591672287084944, "joint_prec": 0.010576280921965534, "joint_recall": 0.06143294276059295}