{"em": 0.0002700877785280216, "f1": 0.00015755120414134591, "prec": 0.0002700877785280216, "recall": 0.00011253657438667565, "sp_em": 0.010263335584064821, "sp_f1": 0.2600273550442391, "sp_prec": 0.2744741326645436, "sp_recall": 0.28902093180283467, "joint_em": 0.0, "joint_f1": 7.502438292445045e-05, "joint_prec": 0.00011253657438667565, "joint_recall": 5.626828719333783e-05}