{"em": 0.0004051316677920324, "f1": 0.0008307548854476608, "prec": 0.0010673923570614996, "recall": 0.00120414134593743, "sp_em": 0.0001350438892640108, "sp_f1": 0.2959470192222877, "sp_prec": 0.178190683772331, "sp_recall": 0.9929619626378572, "joint_em": 0.0, "joint_f1": 0.0002991104518811577, "joint_prec": 0.00021019238464273075, "joint_recall": 0.0011816340310600946}