{"em": 0.0037812288993923026, "f1": 0.04843778516589749, "prec": 0.043712242442829785, "recall": 0.08108848931097405, "sp_em": 0.0025658338960162052, "sp_f1": 0.3702511619884547, "sp_prec": 0.2653231118794891, "sp_recall": 0.6990765570238899, "joint_em": 0.0001350438892640108, "joint_f1": 0.01794359521642155, "joint_prec": 0.012933434599770649, "joint_recall": 0.058882305986458515}