{"em": 0.5219446320054018, "f1": 0.6630250938158977, "prec": 0.6971890754605131, "recall": 0.672603797845189, "sp_em": 0.37150573936529374, "sp_f1": 0.7916828920948021, "sp_prec": 0.7830156586605035, "sp_recall": 0.8461044660943425, "joint_em": 0.2099932478055368, "joint_f1": 0.5414153482522572, "joint_prec": 0.5612517737220574, "joint_recall": 0.5867936623920732}