{"em": 0.5099257258609048, "f1": 0.6494379506271327, "prec": 0.6841456045642402, "recall": 0.6588644117155261, "sp_em": 0.3700202565833896, "sp_f1": 0.7857479687392166, "sp_prec": 0.788514195685036, "sp_recall": 0.8271357834153297, "joint_em": 0.20283592167454423, "joint_f1": 0.5278039352593255, "joint_prec": 0.5547111154156996, "joint_recall": 0.5645105913480295}