{"em": 0.041323430114787306, "f1": 0.09726399488251862, "prec": 0.1011899897686529, "recall": 0.12117217394663084, "sp_em": 0.0001350438892640108, "sp_f1": 0.32960638595827185, "sp_prec": 0.20658347735840124, "sp_recall": 0.9379955628436407, "joint_em": 0.0, "joint_f1": 0.034183440154190385, "joint_prec": 0.022604510599029033, "joint_recall": 0.11609242887363784}