{"em": 0.03808237677245105, "f1": 0.10744403311859359, "prec": 0.11535679490439786, "recall": 0.13519337204039525, "sp_em": 0.01823092505064146, "sp_f1": 0.5126958434318215, "sp_prec": 0.41540330964706873, "sp_recall": 0.7406634834892766, "joint_em": 0.0010803511141120863, "joint_f1": 0.060729327539208754, "joint_prec": 0.05350940606824648, "joint_recall": 0.11175849805774933}