{"em": 0.5588116137744767, "f1": 0.7005977585470398, "prec": 0.7336136569559923, "recall": 0.7101662844995057, "sp_em": 0.49466576637407156, "sp_f1": 0.8350952273774954, "sp_prec": 0.8485955435516628, "sp_recall": 0.8532677405871263, "joint_em": 0.29426063470627956, "joint_f1": 0.6012069451609622, "joint_prec": 0.6404066057357731, "joint_recall": 0.6205160452309321}