{"em": 0.5237002025658339, "f1": 0.6628661489319, "prec": 0.6965749911428499, "recall": 0.6726414217113071, "sp_em": 0.4217420661715057, "sp_f1": 0.8098905670816807, "sp_prec": 0.8089640204495128, "sp_recall": 0.8480288415163563, "joint_em": 0.23754220121539502, "joint_f1": 0.5535198463152392, "joint_prec": 0.5800153849576491, "joint_recall": 0.5861461765033652}