{"em": 0.03443619176232275, "f1": 0.0970844386306701, "prec": 0.10329324887731366, "recall": 0.12862852939252054, "sp_em": 0.016340310600945308, "sp_f1": 0.4231919326114247, "sp_prec": 0.33695383182874145, "sp_recall": 0.6650532137230308, "joint_em": 0.0009453072248480756, "joint_f1": 0.04760560596867059, "joint_prec": 0.04081399717802, "joint_recall": 0.09667690273123798}