{"em": 0.5311276164753544, "f1": 0.6713293729588614, "prec": 0.7083552541688927, "recall": 0.6775631347795432, "sp_em": 0.4356515867656989, "sp_f1": 0.8115712346772688, "sp_prec": 0.8163560657213685, "sp_recall": 0.8425809459502975, "joint_em": 0.25145172180958814, "joint_f1": 0.5625856072346236, "joint_prec": 0.5956286088808007, "joint_recall": 0.5878028138178345}