{"em": 0.5531397704253882, "f1": 0.6935722381738202, "prec": 0.7266761957376401, "recall": 0.701347990107275, "sp_em": 0.49439567859554356, "sp_f1": 0.8280555531197251, "sp_prec": 0.8579810938555107, "sp_recall": 0.8317538021285543, "joint_em": 0.2927751519243754, "joint_f1": 0.5914944290537588, "joint_prec": 0.6410294357029662, "joint_recall": 0.6008192326529568}