{
    "em": 0.31802835921674544,
    "f1": 0.4462861718557176,
    "prec": 0.4670365998320091,
    "recall": 0.4720069088013044,
    "sp_em": 0.14517218095881163,
    "sp_f1": 0.6499053156311878,
    "sp_prec": 0.6303702989185765,
    "sp_recall": 0.7445201118935098,
    "joint_em": 0.050911546252532074,
    "joint_f1": 0.30313886844398874,
    "joint_prec": 0.30301802743823153,
    "joint_recall": 0.3711337323491263
}