{"em": 0.5349088453747468, "f1": 0.673340690096218, "prec": 0.7069575015726254, "recall": 0.6826183946221089, "sp_em": 0.4514517218095881, "sp_f1": 0.8171510611078731, "sp_prec": 0.8307539950483995, "sp_recall": 0.8387659560785893, "joint_em": 0.2576637407157326, "joint_f1": 0.5671404392250902, "joint_prec": 0.604378665030418, "joint_recall": 0.5889492177115371}