{"em": 0.002025658338960162, "f1": 0.03355752846347645, "prec": 0.03221402462793414, "recall": 0.05795379582794672, "sp_em": 0.06333558406482107, "sp_f1": 0.48651543894623617, "sp_prec": 0.5726333558406476, "sp_recall": 0.46956351885791603, "joint_em": 0.0001350438892640108, "joint_f1": 0.017971364917207674, "joint_prec": 0.02045847611512703, "joint_recall": 0.029296528173677932}