{"em": 0.0017555705604321405, "f1": 0.032643290045602805, "prec": 0.028285349581770924, "recall": 0.05785438245848528, "sp_em": 0.0001350438892640108, "sp_f1": 0.2959470192222877, "sp_prec": 0.178190683772331, "sp_recall": 0.9929619626378572, "joint_em": 0.0, "joint_f1": 0.008795766130666714, "joint_prec": 0.0053651122851356625, "joint_recall": 0.05746118648797667}