{"em": 0.061174881836596896, "f1": 0.12620998101672512, "prec": 0.11873270288867867, "recall": 0.1729520172227803, "sp_em": 0.03322079675894666, "sp_f1": 0.5269679386559842, "sp_prec": 0.4531471656859933, "sp_recall": 0.6949469470435033, "joint_em": 0.0031060094530722484, "joint_f1": 0.06976455756679892, "joint_prec": 0.058197726638066036, "joint_recall": 0.13054211556068393}