{"em": 0.27440918298447, "f1": 0.39615338368429626, "prec": 0.41103720010202205, "recall": 0.4275307285182371, "sp_em": 0.13328831870357866, "sp_f1": 0.6434389408326027, "sp_prec": 0.6209658853413053, "sp_recall": 0.7481752998295886, "joint_em": 0.03821742066171506, "joint_f1": 0.26713465313236134, "joint_prec": 0.26174476696452786, "joint_recall": 0.3389892920868608}