{"em": 0.06036461850101283, "f1": 0.1225601360779487, "prec": 0.13312597185993535, "recall": 0.14056192550790805, "sp_em": 0.03848750844024308, "sp_f1": 0.5034148558321465, "sp_prec": 0.45590238256004834, "sp_recall": 0.6242678692003467, "joint_em": 0.0032410533423362594, "joint_f1": 0.06771635047288244, "joint_prec": 0.06708236060657193, "joint_recall": 0.09605415291438249}