{"em": 0.1536799459824443, "f1": 0.2320975395698256, "prec": 0.234390714694563, "recall": 0.2639354572203997, "sp_em": 0.07873058744091829, "sp_f1": 0.5719526703321486, "sp_prec": 0.5461746138923684, "sp_recall": 0.6701308639593576, "joint_em": 0.01647535449020932, "joint_f1": 0.14549928225659195, "joint_prec": 0.13937593732698345, "joint_recall": 0.19775503718278875}