{"em": 0.35205941931127616, "f1": 0.4826645583045882, "prec": 0.5048148318033536, "recall": 0.505569651108139, "sp_em": 0.16043214044564483, "sp_f1": 0.6703216237585056, "sp_prec": 0.6500426567205779, "sp_recall": 0.7636929680717676, "joint_em": 0.0575286968264686, "joint_f1": 0.3364795536425245, "joint_prec": 0.3340288885292751, "joint_recall": 0.4072128704066575}