{"em": 0.5494935854152599, "f1": 0.689040349240692, "prec": 0.7261461398530932, "recall": 0.6947316950811215, "sp_em": 0.4538825118163403, "sp_f1": 0.8238438888743012, "sp_prec": 0.8223947783029579, "sp_recall": 0.8595376354458116, "joint_em": 0.2696826468602296, "joint_f1": 0.584596347070741, "joint_prec": 0.6146738883193958, "joint_recall": 0.6125131857164248}