{"em": 0.6006752194463201, "f1": 0.7409000911275399, "prec": 0.770223850348765, "recall": 0.7515902214298579, "sp_em": 0.513436866981769, "sp_f1": 0.8441709756969994, "sp_prec": 0.8569052442043755, "sp_recall": 0.8616885309154104, "joint_em": 0.3340985820391627, "joint_f1": 0.6432295681416835, "joint_prec": 0.6788526815046056, "joint_recall": 0.6643876446595899}