{"em": 0.611748818365969, "f1": 0.7523182114638205, "prec": 0.7818488248940639, "recall": 0.7634692232143285, "sp_em": 0.5397704253882512, "sp_f1": 0.8515920616258498, "sp_prec": 0.8700938876563532, "sp_recall": 0.8616078261149228, "joint_em": 0.35827143821742063, "joint_f1": 0.658012533088967, "joint_prec": 0.698074455366826, "joint_recall": 0.6746251464605625}