{"em": 0.5696151249155975, "f1": 0.7127214802823533, "prec": 0.7422586187913656, "recall": 0.7250783013595311, "sp_em": 0.5100607697501688, "sp_f1": 0.8425604555246966, "sp_prec": 0.8556123597312064, "sp_recall": 0.860247741230192, "joint_em": 0.31330182309250504, "joint_f1": 0.6172757415546444, "joint_prec": 0.6543498698765413, "joint_recall": 0.6384544974869073}