{"em": 0.5870357866306549, "f1": 0.7280030144953784, "prec": 0.760632362610755, "recall": 0.7357017612120496, "sp_em": 0.5357191087103309, "sp_f1": 0.8515307507407697, "sp_prec": 0.8707607472428635, "sp_recall": 0.8615665091154695, "joint_em": 0.33733963538149897, "joint_f1": 0.6360055171208293, "joint_prec": 0.6802112731592814, "joint_recall": 0.6484784183334039}