{"em": 0.5390952059419312, "f1": 0.6825120247983556, "prec": 0.7175253031161192, "recall": 0.6910998767531518, "sp_em": 0.46063470627954084, "sp_f1": 0.8247268868876142, "sp_prec": 0.8307154110800401, "sp_recall": 0.853203112440121, "joint_em": 0.26401080351114115, "joint_f1": 0.5791185711005147, "joint_prec": 0.6118894957482038, "joint_recall": 0.6068820069257259}