{"em": 0.05577312626603646, "f1": 0.11663008470824661, "prec": 0.12006588205102732, "recall": 0.1423029960092557, "sp_em": 0.014449696151249155, "sp_f1": 0.45025448636634346, "sp_prec": 0.34631344789979185, "sp_recall": 0.7342228545705927, "joint_em": 0.0016205266711681297, "joint_f1": 0.05900806886622622, "joint_prec": 0.0478165913374522, "joint_recall": 0.11418624442862826}