{"em": 0.5535449020931803, "f1": 0.6950315705604295, "prec": 0.727813267084029, "recall": 0.7040553126620771, "sp_em": 0.027683997299122215, "sp_f1": 0.5241266408585648, "sp_prec": 0.41864733623343037, "sp_recall": 0.7738095238095254, "joint_em": 0.015665091154625253, "joint_f1": 0.3713424924199836, "joint_prec": 0.3084323393355685, "joint_recall": 0.5533077737766218}