{"em": 0.5762322754895342, "f1": 0.7176853374812395, "prec": 0.7498483135890288, "recall": 0.7266662030272678, "sp_em": 0.5111411208642809, "sp_f1": 0.8486019532272315, "sp_prec": 0.8458039934407338, "sp_recall": 0.881586926465394, "joint_em": 0.3174881836596894, "joint_f1": 0.6249807434642644, "joint_prec": 0.6520813701765741, "joint_recall": 0.6541528728832811}