{"em": 0.5145172180958811, "f1": 0.654074429102735, "prec": 0.692854914610484, "recall": 0.6599036148411576, "sp_em": 0.40283592167454424, "sp_f1": 0.7939635673802041, "sp_prec": 0.8074409182984561, "sp_recall": 0.8220205138098504, "joint_em": 0.22579338284942607, "joint_f1": 0.5376116091641482, "joint_prec": 0.5756973567233481, "joint_recall": 0.5618453308451596}