{"em": 0.5511141120864281, "f1": 0.6921749126526515, "prec": 0.7270880930907931, "recall": 0.6995423949222064, "sp_em": 0.474679270762998, "sp_f1": 0.8271967825107872, "sp_prec": 0.8436731937879896, "sp_recall": 0.8435868621587805, "joint_em": 0.2825118163403106, "joint_f1": 0.5899550721350698, "joint_prec": 0.6316535235839745, "joint_recall": 0.6068468361608104}