{"em": 0.061039837947332885, "f1": 0.13049611881122614, "prec": 0.13607007367304463, "recall": 0.15138590818298497, "sp_em": 0.014044564483457124, "sp_f1": 0.46243886301499537, "sp_prec": 0.3553105189996593, "sp_recall": 0.7501458152470988, "joint_em": 0.0012153950033760973, "joint_f1": 0.06855695152224484, "joint_prec": 0.05541478471164816, "joint_recall": 0.12551042890946354}