{"em": 0.550708980418636, "f1": 0.6894736309212507, "prec": 0.7254689702225134, "recall": 0.69649163069656, "sp_em": 0.4725185685347738, "sp_f1": 0.8244734851014653, "sp_prec": 0.8410668467251945, "sp_recall": 0.8414782482878425, "joint_em": 0.2790006752194463, "joint_f1": 0.5849532371035464, "joint_prec": 0.6268368844374902, "joint_recall": 0.6022062867484848}