{"em": 0.05158676569885213, "f1": 0.11528132850428853, "prec": 0.11477937547485142, "recall": 0.14418168206923823, "sp_em": 0.010533423362592843, "sp_f1": 0.4497737497034987, "sp_prec": 0.33750602262250085, "sp_recall": 0.7709766566991426, "joint_em": 0.0012153950033760973, "joint_f1": 0.05710605925414771, "joint_prec": 0.04378914399204143, "joint_recall": 0.12080529422120952}