{"em": 0.550979068197164, "f1": 0.6917600937660947, "prec": 0.72755375691905, "recall": 0.6984036645701067, "sp_em": 0.4661715057393653, "sp_f1": 0.8267249615865687, "sp_prec": 0.8343709205491875, "sp_recall": 0.8529992604739471, "joint_em": 0.2761647535449021, "joint_f1": 0.5881241460918498, "joint_prec": 0.6237498612373682, "joint_recall": 0.6107518692201316}