{"em": 0.21431465226198515, "f1": 0.31198823914071805, "prec": 0.3181723262108134, "recall": 0.34430655344664174, "sp_em": 0.09601620526671169, "sp_f1": 0.6125040680678796, "sp_prec": 0.5745114889611831, "sp_recall": 0.7395710748850531, "joint_em": 0.022687373396353815, "joint_f1": 0.20149873514321862, "joint_prec": 0.18894346573868126, "joint_recall": 0.27595718992847335}