{"em": 0.5220796758946658, "f1": 0.6601816334864599, "prec": 0.6960655800797588, "recall": 0.6683365678312458, "sp_em": 0.42322754895340986, "sp_f1": 0.7983181189731076, "sp_prec": 0.8197456673418955, "sp_recall": 0.8162919198739633, "joint_em": 0.2388926401080351, "joint_f1": 0.5445942937242727, "joint_prec": 0.5873870988590733, "joint_recall": 0.5628929900270975}