{"em": 0.048480756245779875, "f1": 0.11140231227459631, "prec": 0.11116089027635274, "recall": 0.14233696043621774, "sp_em": 0.004321404456448345, "sp_f1": 0.42279066518272534, "sp_prec": 0.30149465344216314, "sp_recall": 0.8150488730265922, "joint_em": 0.0001350438892640108, "joint_f1": 0.050488713484121, "joint_prec": 0.036810688645105595, "joint_recall": 0.1248472845333074}