{"em": 0.2803511141120864, "f1": 0.39285724162448526, "prec": 0.4081485286414394, "recall": 0.4182975020702907, "sp_em": 0.12437542201215394, "sp_f1": 0.6252032392545616, "sp_prec": 0.6075472483102438, "sp_recall": 0.7276875341628894, "joint_em": 0.03727211343686698, "joint_f1": 0.25950975591376946, "joint_prec": 0.2557395989387659, "joint_recall": 0.32748344554387687}