{"em": 0.0700877785280216, "f1": 0.14046866646691133, "prec": 0.13529288627195457, "recall": 0.17981330942605134, "sp_em": 0.028629304523970292, "sp_f1": 0.5111323135563439, "sp_prec": 0.4327323880261119, "sp_recall": 0.6979700009645988, "joint_em": 0.002970965563808238, "joint_f1": 0.07770928982686708, "joint_prec": 0.06546688417991577, "joint_recall": 0.13813213648390574}