{"em": 0.10695476029709655, "f1": 0.17796332447834548, "prec": 0.1755404382548204, "recall": 0.21243789258981685, "sp_em": 0.06522619851451722, "sp_f1": 0.5545452506829966, "sp_prec": 0.5215658660493223, "sp_recall": 0.6664964149062725, "joint_em": 0.010668467251856854, "joint_f1": 0.108347109145063, "joint_prec": 0.10078673212578848, "joint_recall": 0.1586229069027853}