{
    "em": 0.5431465226198514,
    "f1": 0.6812396367753667,
    "prec": 0.7166678306313681,
    "recall": 0.6887684599517825,
    "sp_em": 0.43106009453072247,
    "sp_f1": 0.8090029941549448,
    "sp_prec": 0.8159033471592634,
    "sp_recall": 0.8388891032442745,
    "joint_em": 0.25320729237002026,
    "joint_f1": 0.5688724871291051,
    "joint_prec": 0.6015040434719666,
    "joint_recall": 0.596001533065676
}