{"em": 0.007022282241728562, "f1": 0.06082488998745815, "prec": 0.0627529702647865, "recall": 0.09132730425100452, "sp_em": 0.031465226198514516, "sp_f1": 0.42093840921854564, "sp_prec": 0.37300632884144785, "sp_recall": 0.5874666409440219, "joint_em": 0.0001350438892640108, "joint_f1": 0.028382384469668533, "joint_prec": 0.026751277259561924, "joint_recall": 0.058107042068892126}