{"em": 0.06428089128966914, "f1": 0.13915118287852088, "prec": 0.128376758660351, "recall": 0.17937649828601898, "sp_em": 0.06779203241053343, "sp_f1": 0.548405722119435, "sp_prec": 0.5335821463404155, "sp_recall": 0.6372407639625731, "joint_em": 0.007157326130992573, "joint_f1": 0.08534308833284074, "joint_prec": 0.0787977654426, "joint_recall": 0.12861709927104908}