{"em": 0.09182984469952735, "f1": 0.1528510609594365, "prec": 0.1493022908519196, "recall": 0.18094421240099848, "sp_em": 0.08291694800810263, "sp_f1": 0.5675829871981214, "sp_prec": 0.5708806790778396, "sp_recall": 0.6297220346612649, "joint_em": 0.012829169480081027, "joint_f1": 0.09705976632874215, "joint_prec": 0.09705500230382047, "joint_recall": 0.12565277209098938}