{"em": 0.01012829169480081, "f1": 0.05684538632458194, "prec": 0.06681032749229911, "recall": 0.07610275072224466, "sp_em": 0.01661039837947333, "sp_f1": 0.33654256026093465, "sp_prec": 0.2973220535728406, "sp_recall": 0.4827563422397999, "joint_em": 0.0002700877785280216, "joint_f1": 0.02253691173045612, "joint_prec": 0.023453244835771783, "joint_recall": 0.042450765562832116}