{"em": 0.13207292370020257, "f1": 0.19830917544937426, "prec": 0.19777609066602975, "recall": 0.22109115188959874, "sp_em": 0.11073598919648886, "sp_f1": 0.6077649359418487, "sp_prec": 0.5872031981822639, "sp_recall": 0.7073846500112534, "joint_em": 0.020661715057393653, "joint_f1": 0.13032339232417986, "joint_prec": 0.12706978907130778, "joint_recall": 0.1687507367529308}