{"em": 0.02633355840648211, "f1": 0.08919809861475383, "prec": 0.12168441581675883, "recall": 0.08252102394434671, "sp_em": 0.06076975016880486, "sp_f1": 0.5514792567324664, "sp_prec": 0.5163169994533927, "sp_recall": 0.6637849265296925, "joint_em": 0.0031060094530722484, "joint_f1": 0.05845837125114412, "joint_prec": 0.07093910076219331, "joint_recall": 0.0648418903013374}