{
    "em": 0.312491559756921,
    "f1": 0.4376750480457824,
    "prec": 0.45857682493064095,
    "recall": 0.4620451405073284,
    "sp_em": 0.187575962187711,
    "sp_f1": 0.6656136072645319,
    "sp_prec": 0.6733402024489156,
    "sp_recall": 0.7271643998585272,
    "joint_em": 0.06076975016880486,
    "joint_f1": 0.30632074231496653,
    "joint_prec": 0.31624083477194365,
    "joint_recall": 0.35931082852926094
}