{"em": 0.5332883187035786, "f1": 0.672317019375249, "prec": 0.7078923304919245, "recall": 0.6788718867972753, "sp_em": 0.43794733288318705, "sp_f1": 0.8161157928275034, "sp_prec": 0.8230744992122544, "sp_recall": 0.8445837754413111, "joint_em": 0.25077650236326804, "joint_f1": 0.5662542300060894, "joint_prec": 0.6006350586917742, "joint_recall": 0.5901673501742682}