{"em": 0.0017555705604321405, "f1": 0.031870097130763296, "prec": 0.0289882051327021, "recall": 0.054232189709907404, "sp_em": 0.08278190411883862, "sp_f1": 0.5107322574642047, "sp_prec": 0.5653065817819359, "sp_recall": 0.5185256101090012, "joint_em": 0.0001350438892640108, "joint_f1": 0.017419024461769933, "joint_prec": 0.016848087023137698, "joint_recall": 0.03003703766786144}