{"em": 0.5268062120189061, "f1": 0.66708779428018, "prec": 0.7019526598392221, "recall": 0.675635273084632, "sp_em": 0.43605671843349086, "sp_f1": 0.8126703516305411, "sp_prec": 0.8218928651811945, "sp_recall": 0.839922510530214, "joint_em": 0.24929101958136393, "joint_f1": 0.55967930339854, "joint_prec": 0.594278905154661, "joint_recall": 0.5847664235444427}