{"em": 0.2937204591492235, "f1": 0.42970661641534935, "prec": 0.4352134170128776, "recall": 0.4735047426877271, "sp_em": 0.17353139770425388, "sp_f1": 0.6571365434025903, "sp_prec": 0.6573993333547711, "sp_recall": 0.7338448924471912, "joint_em": 0.05185685347738015, "joint_f1": 0.2940283168785182, "joint_prec": 0.296295698150743, "joint_recall": 0.36473856906841257}