{"em": 0.047400405131667794, "f1": 0.12807959377980954, "prec": 0.1705685937590056, "recall": 0.11928141111910061, "sp_em": 0.08696826468602296, "sp_f1": 0.5733015600199979, "sp_prec": 0.5492903765152225, "sp_recall": 0.6702724992765495, "joint_em": 0.006212018906144497, "joint_f1": 0.08414909545102085, "joint_prec": 0.10488088530120909, "joint_recall": 0.09018520207268853}