{"em": 0.07022282241728561, "f1": 0.148075994607578, "prec": 0.13914010477481142, "recall": 0.1953539875521248, "sp_em": 0.11019581363943282, "sp_f1": 0.5579317434010262, "sp_prec": 0.5740014790521171, "sp_recall": 0.6071915694029134, "joint_em": 0.01174881836596894, "joint_f1": 0.09288311067459408, "joint_prec": 0.0896828158979695, "joint_recall": 0.13668622862862634}