{"em": 0.2162052667116813, "f1": 0.32328970600521717, "prec": 0.329474878786155, "recall": 0.3575631257856103, "sp_em": 0.15057393652937204, "sp_f1": 0.6544474506662306, "sp_prec": 0.6358050749610499, "sp_recall": 0.7485733577698469, "joint_em": 0.03538149898717083, "joint_f1": 0.22086007260492355, "joint_prec": 0.21282198706605493, "joint_recall": 0.28690154151497843}