{"em": 0.0032410533423362594, "f1": 0.032171971296533576, "prec": 0.029779909864312306, "recall": 0.054706485144782, "sp_em": 0.009858203916272788, "sp_f1": 0.42541230562538257, "sp_prec": 0.3193630329290432, "sp_recall": 0.7372589305810111, "joint_em": 0.0002700877785280216, "joint_f1": 0.014887091945113654, "joint_prec": 0.010959084432576, "joint_recall": 0.047485143484716504}