{"em": 0.5465226198514517, "f1": 0.6884442471378596, "prec": 0.7223747098426359, "recall": 0.696892823022128, "sp_em": 0.45644834571235654, "sp_f1": 0.8206584802398699, "sp_prec": 0.8299141506704059, "sp_recall": 0.8482177421947912, "joint_em": 0.2649561107359892, "joint_f1": 0.5820140306066959, "joint_prec": 0.6166899195660139, "joint_recall": 0.6084885388700357}