{"em": 0.6055367994598244, "f1": 0.745274951218654, "prec": 0.7733149523595162, "recall": 0.7576327409356572, "sp_em": 0.5155975692099932, "sp_f1": 0.8478180863326309, "sp_prec": 0.8582601845599911, "sp_recall": 0.868094916562174, "joint_em": 0.3347738014854828, "joint_f1": 0.6476342798962369, "joint_prec": 0.6787515317478189, "joint_recall": 0.6736065486444412}