{"em": 0.5677245104659014, "f1": 0.7085345295398157, "prec": 0.7332800589012601, "recall": 0.7254574355598115, "sp_em": 0.4941255908170155, "sp_f1": 0.835193677205859, "sp_prec": 0.8507784315616956, "sp_recall": 0.8534584096974431, "joint_em": 0.2988521269412559, "joint_f1": 0.6077556413660704, "joint_prec": 0.6398204346607443, "joint_recall": 0.6354133461121082}