{"em": 0.5927076299797435, "f1": 0.7326851607064558, "prec": 0.7637831142523909, "recall": 0.741888914409172, "sp_em": 0.5056043214044564, "sp_f1": 0.8409126570031629, "sp_prec": 0.8572110221536376, "sp_recall": 0.8582884794701187, "joint_em": 0.32167454422687375, "joint_f1": 0.6325187090557047, "joint_prec": 0.6702998640838427, "joint_recall": 0.6531982142010838}