{"em": 0.021201890614449697, "f1": 0.0656520217921889, "prec": 0.07138707230199465, "recall": 0.08030696657012341, "sp_em": 0.04780553679945983, "sp_f1": 0.4081073843327098, "sp_prec": 0.4029611663691615, "sp_recall": 0.49555962830777267, "joint_em": 0.0018906144496961513, "joint_f1": 0.03538780202126055, "joint_prec": 0.03616570055937144, "joint_recall": 0.053120522654025434}