{"em": 0.07359891964888589, "f1": 0.1435534161137664, "prec": 0.13696637371181627, "recall": 0.17867118519827355, "sp_em": 0.08642808912896692, "sp_f1": 0.5612574866052298, "sp_prec": 0.557663419182661, "sp_recall": 0.6332994115944827, "joint_em": 0.010938555030384874, "joint_f1": 0.0897657038505656, "joint_prec": 0.08599225896643159, "joint_recall": 0.12718363809036826}