{"em": 0.014044564483457124, "f1": 0.06441790396987127, "prec": 0.06602270488158386, "recall": 0.093641959901145, "sp_em": 0.03227548953409858, "sp_f1": 0.4036577710691181, "sp_prec": 0.38541587620774254, "sp_recall": 0.5264073502459732, "joint_em": 0.0008102633355840649, "joint_f1": 0.02885878406378694, "joint_prec": 0.02745707058479032, "joint_recall": 0.05614181845613311}