{"em": 0.026063470627954086, "f1": 0.10075983528459935, "prec": 0.14902154563869624, "recall": 0.08576101617905657, "sp_em": 0.029709655638082377, "sp_f1": 0.4875552098977019, "sp_prec": 0.4012113949742113, "sp_recall": 0.7228065013986695, "joint_em": 0.001485482781904119, "joint_f1": 0.06038801787176473, "joint_prec": 0.06875252898094415, "joint_recall": 0.06962981337330942}