{"em": 0.06630654962862931, "f1": 0.12767875638602433, "prec": 0.12064421249093775, "recall": 0.16544498940177543, "sp_em": 0.06130992572586091, "sp_f1": 0.5797240856525147, "sp_prec": 0.5306094659335707, "sp_recall": 0.7112335616218134, "joint_em": 0.006076975016880486, "joint_f1": 0.07936165827806722, "joint_prec": 0.06994782726838775, "joint_recall": 0.12793705931450686}