{"em": 0.11519243754220121, "f1": 0.1785639658990438, "prec": 0.1771554711325135, "recall": 0.20059753285951812, "sp_em": 0.0887238352464551, "sp_f1": 0.5794095775932409, "sp_prec": 0.5622635928105182, "sp_recall": 0.6709591331468436, "joint_em": 0.015800135043889264, "joint_f1": 0.11435444744118316, "joint_prec": 0.11099987246729288, "joint_recall": 0.1478573193630586}