{"em": 0.5828494260634707, "f1": 0.7218592941792341, "prec": 0.7508374759758956, "recall": 0.7324473032957969, "sp_em": 0.0437542201215395, "sp_f1": 0.5434481243866753, "sp_prec": 0.46470376086513965, "sp_recall": 0.7220806404938754, "joint_em": 0.02511816340310601, "joint_f1": 0.3996564442211046, "joint_prec": 0.3544972140233808, "joint_recall": 0.5372453414793819}