{"em": 0.5601620526671168, "f1": 0.698552335264973, "prec": 0.7264716703508051, "recall": 0.7118222624951991, "sp_em": 0.04226873733963538, "sp_f1": 0.5403396468487573, "sp_prec": 0.4620232029955212, "sp_recall": 0.7207916144175438, "joint_em": 0.025658338960162053, "joint_f1": 0.38683013038148484, "joint_prec": 0.3439503930685583, "joint_recall": 0.5224758575497023}