{"em": 0.5950033760972316, "f1": 0.7323447410868118, "prec": 0.7620144380340187, "recall": 0.7415946122101552, "sp_em": 0.034706279540850773, "sp_f1": 0.5427252693289067, "sp_prec": 0.44909536670846834, "sp_recall": 0.7552908266615235, "joint_em": 0.020526671168129642, "joint_f1": 0.4049965649142395, "joint_prec": 0.34677998813026056, "joint_recall": 0.5693222201987322}