{"em": 0.5089804186360567, "f1": 0.6495791002534451, "prec": 0.6851177774135229, "recall": 0.6588918540758515, "sp_em": 0.3698852126941256, "sp_f1": 0.7886050531358029, "sp_prec": 0.7847892350728372, "sp_recall": 0.8355641297707525, "joint_em": 0.20148548278190412, "joint_f1": 0.5287021386064025, "joint_prec": 0.5524641366345009, "joint_recall": 0.5688309897957068}