{"em": 0.041323430114787306, "f1": 0.0971119209829768, "prec": 0.10114272440741048, "recall": 0.12085707153834815, "sp_em": 0.0001350438892640108, "sp_f1": 0.329602621976204, "sp_prec": 0.20659728875320163, "sp_recall": 0.937732227259576, "joint_em": 0.0, "joint_f1": 0.034180434125470054, "joint_prec": 0.022619029893026988, "joint_recall": 0.11570980452072313}