{"em": 0.5913571910871033, "f1": 0.7283471042981293, "prec": 0.7583274580472416, "recall": 0.7373496108314606, "sp_em": 0.04591492234976367, "sp_f1": 0.5442809902229079, "sp_prec": 0.4411587077488511, "sp_recall": 0.7741373267740606, "joint_em": 0.027413909520594193, "joint_f1": 0.40245046987167793, "joint_prec": 0.33777498693569236, "joint_recall": 0.578015735401363}