{"em": 0.5769074949358541, "f1": 0.7129821011820809, "prec": 0.7431667207426824, "recall": 0.721039688610588, "sp_em": 0.04051316677920324, "sp_f1": 0.5361799679051413, "sp_prec": 0.4318315737829602, "sp_recall": 0.7826328735410455, "joint_em": 0.02322754895340986, "joint_f1": 0.38988331279680133, "joint_prec": 0.3255747930095646, "joint_recall": 0.572714684894966}