{"em": 0.5550303848750844, "f1": 0.6925673424904376, "prec": 0.7243543788344596, "recall": 0.7007796034511896, "sp_em": 0.026468602295746116, "sp_f1": 0.5239960973080355, "sp_prec": 0.4170857554179663, "sp_recall": 0.7809747275007258, "joint_em": 0.01512491559756921, "joint_f1": 0.3713943875754134, "joint_prec": 0.30752671462363496, "joint_recall": 0.5569401684657349}