{"em": 0.5659689399054693, "f1": 0.7022164645185694, "prec": 0.7298374350535047, "recall": 0.7159488565103813, "sp_em": 0.04334908845374747, "sp_f1": 0.5336941698859277, "sp_prec": 0.4552257844188982, "sp_recall": 0.7176085977942842, "joint_em": 0.025658338960162053, "joint_f1": 0.3825868163304828, "joint_prec": 0.33893036394956194, "joint_recall": 0.5222372310450396}