{"em": 0.5893315327481431, "f1": 0.7299119763578563, "prec": 0.7602109159502806, "recall": 0.739105393124042, "sp_em": 0.04794058068872384, "sp_f1": 0.5441150701650327, "sp_prec": 0.4659284267386913, "sp_recall": 0.7209327674351321, "joint_em": 0.029439567859554355, "joint_f1": 0.4044113232386893, "joint_prec": 0.3591246673837841, "joint_recall": 0.5415593248176725}