{"em": 0.6041863605671843, "f1": 0.7419893951503326, "prec": 0.7710049122608196, "recall": 0.752216535863814, "sp_em": 0.05793382849426063, "sp_f1": 0.5451177909044224, "sp_prec": 0.48456266143639576, "sp_recall": 0.6910890325069942, "joint_em": 0.03713706954760297, "joint_f1": 0.41212529065423853, "joint_prec": 0.3799000321770421, "joint_recall": 0.5285785470614062}