{"em": 0.5544902093180284, "f1": 0.6953950888387578, "prec": 0.728038844267743, "recall": 0.7041465131387487, "sp_em": 0.4734638757596219, "sp_f1": 0.828799639103516, "sp_prec": 0.8427346387576048, "sp_recall": 0.8480823767724583, "joint_em": 0.2834571235651587, "joint_f1": 0.593433906947674, "joint_prec": 0.6315844949683559, "joint_recall": 0.6131121676045687}