{
    "em": 0.5427413909520594,
    "f1": 0.6843908391199071,
    "prec": 0.7212481010624147,
    "recall": 0.6911432544872791,
    "sp_em": 0.44659014179608375,
    "sp_f1": 0.8042932556977392,
    "sp_prec": 0.8425044210797156,
    "sp_recall": 0.8064018841837937,
    "joint_em": 0.2600945307224848,
    "joint_f1": 0.567064672229903,
    "joint_prec": 0.6246940372254327,
    "joint_recall": 0.5739041418980613
}