{"em": 0.0052667116812964215, "f1": 0.05443108541704381, "prec": 0.049388598497308756, "recall": 0.08797564240845812, "sp_em": 0.010263335584064821, "sp_f1": 0.4301902860584113, "sp_prec": 0.3193244447755071, "sp_recall": 0.7635760908009379, "joint_em": 0.0, "joint_f1": 0.024064050626475555, "joint_prec": 0.017472427028646004, "joint_recall": 0.07327754450391176}