{"em": 0.5312626603646186, "f1": 0.6733919819866919, "prec": 0.7076276889139811, "recall": 0.6821239468386672, "sp_em": 0.4356515867656989, "sp_f1": 0.8171357639284998, "sp_prec": 0.8167132889617793, "sp_recall": 0.8533818848268613, "joint_em": 0.24942606347062796, "joint_f1": 0.5669701453471778, "joint_prec": 0.5954509090954028, "joint_recall": 0.5983272964937362}