{"em": 0.5833896016205267, "f1": 0.7245517718965349, "prec": 0.7548721224008185, "recall": 0.734321160683417, "sp_em": 0.061174881836596896, "sp_f1": 0.5578635319216027, "sp_prec": 0.5053439867957085, "sp_recall": 0.69288961769718, "joint_em": 0.036191762322754895, "joint_f1": 0.41240846787827296, "joint_prec": 0.388986157757765, "joint_recall": 0.5175258068699975}