{"em": 0.5573261309925726, "f1": 0.6973245358368217, "prec": 0.7319848865966347, "recall": 0.7046372354283351, "sp_em": 0.0649561107359892, "sp_f1": 0.5541884066867203, "sp_prec": 0.5118174656763436, "sp_recall": 0.6758371113469014, "joint_em": 0.03565158676569885, "joint_f1": 0.39559033427192086, "joint_prec": 0.3830152342905547, "joint_recall": 0.48526014766501896}