{"em": 0.5909520594193113, "f1": 0.7299823682057586, "prec": 0.7592450579655166, "recall": 0.74086207031286, "sp_em": 0.06833220796758947, "sp_f1": 0.5591226898991944, "sp_prec": 0.5137059901610871, "sp_recall": 0.6847228384939394, "joint_em": 0.04037812288993923, "joint_f1": 0.41546752829294686, "joint_prec": 0.39600609074697496, "joint_recall": 0.5158883198841768}