{"em": 0.5126266036461851, "f1": 0.6507538520713256, "prec": 0.6885883521535098, "recall": 0.6578091348021244, "sp_em": 0.37569209993247804, "sp_f1": 0.7857165904093912, "sp_prec": 0.7900945307224932, "sp_recall": 0.8247186585640384, "joint_em": 0.20567184334908845, "joint_f1": 0.5285937128930929, "joint_prec": 0.5590373219644398, "joint_recall": 0.561216944656758}