{"em": 0.041188386225523295, "f1": 0.09710644367837727, "prec": 0.10103243856451155, "recall": 0.12103713005736683, "sp_em": 0.0001350438892640108, "sp_f1": 0.3295602570734493, "sp_prec": 0.2065559102623788, "sp_recall": 0.9378560174914011, "joint_em": 0.0, "joint_f1": 0.03414411868340369, "joint_prec": 0.022583535013889825, "joint_recall": 0.11588986303974182}