{"em": 0.1024983119513842, "f1": 0.17626245503195614, "prec": 0.17235757115568032, "recall": 0.21584985387483693, "sp_em": 0.06698176907494936, "sp_f1": 0.5528468140757155, "sp_prec": 0.5334055175074739, "sp_recall": 0.6496874698562751, "joint_em": 0.009453072248480757, "joint_f1": 0.1066252083247146, "joint_prec": 0.10163767401299911, "joint_recall": 0.15658448236436073}