{"em": 0.27481431465226197, "f1": 0.39090475483839926, "prec": 0.40814509333415544, "recall": 0.41759048101722007, "sp_em": 0.12180958811613775, "sp_f1": 0.6258994955078756, "sp_prec": 0.6105454808527028, "sp_recall": 0.7260256904922681, "joint_em": 0.038892640108035115, "joint_f1": 0.2584134359603793, "joint_prec": 0.25960503725095807, "joint_recall": 0.3235705627180979}