{"em": 0.3416610398379473, "f1": 0.4686558031129195, "prec": 0.48798012738255864, "recall": 0.49234383011391786, "sp_em": 0.1436866981769075, "sp_f1": 0.652960758200473, "sp_prec": 0.6335486533123253, "sp_recall": 0.747293173852932, "joint_em": 0.05185685347738015, "joint_f1": 0.3202332652554023, "joint_prec": 0.3213034951269258, "joint_recall": 0.38660591115688936}