{"em": 0.5404456448345712, "f1": 0.6822368308563649, "prec": 0.718355902856239, "recall": 0.6909673369244613, "sp_em": 0.449966239027684, "sp_f1": 0.8190831922972638, "sp_prec": 0.8283997299122305, "sp_recall": 0.8451474229124532, "joint_em": 0.25955435516542874, "joint_f1": 0.5760674610374448, "joint_prec": 0.6124241466013897, "joint_recall": 0.6002476743877798}