{"em": 0.04564483457123565, "f1": 0.11213108438709461, "prec": 0.1115965364817491, "recall": 0.15000339936462206, "sp_em": 0.011073598919648885, "sp_f1": 0.44960020636818687, "sp_prec": 0.3347029715310238, "sp_recall": 0.7836813928812585, "joint_em": 0.0001350438892640108, "joint_f1": 0.054934511655993175, "joint_prec": 0.04197227299637075, "joint_recall": 0.12841354762284565}