{"em": 0.06698176907494936, "f1": 0.14009526678046355, "prec": 0.13066970579124562, "recall": 0.18861520247944355, "sp_em": 0.03551654287643484, "sp_f1": 0.5203610711443215, "sp_prec": 0.4557183048776596, "sp_recall": 0.681364264814635, "joint_em": 0.00337609723160027, "joint_f1": 0.0778895163819606, "joint_prec": 0.06537228102594161, "joint_recall": 0.1415717048636974}