{"em": 0.5242403781228899, "f1": 0.6658755671536515, "prec": 0.7040487084376342, "recall": 0.6729994259248144, "sp_em": 0.43686698176907496, "sp_f1": 0.8071927779625538, "sp_prec": 0.8253387350889126, "sp_recall": 0.8258430597086971, "joint_em": 0.24767049291019583, "joint_f1": 0.5553861717513946, "joint_prec": 0.5976358047384348, "joint_recall": 0.5739082138195876}