{"em": 0.5551654287643484, "f1": 0.6952160881406739, "prec": 0.7267303586952466, "recall": 0.7060816681630324, "sp_em": 0.4735989196488859, "sp_f1": 0.8238139473251145, "sp_prec": 0.8401958136394418, "sp_recall": 0.8408972380309386, "joint_em": 0.2814314652261985, "joint_f1": 0.5899373649623053, "joint_prec": 0.6285589420832488, "joint_recall": 0.6106834157227452}