{"em": 0.5450371370695476, "f1": 0.6842913366778012, "prec": 0.7145284200382098, "recall": 0.6956745031171102, "sp_em": 0.46630654962862933, "sp_f1": 0.8202523210153444, "sp_prec": 0.8335246455097992, "sp_recall": 0.8406377608437102, "joint_em": 0.27292370020256584, "joint_f1": 0.5788123778355642, "joint_prec": 0.6137357407391154, "joint_recall": 0.602128847213753}