{"em": 0.3137069547602971, "f1": 0.44203593731614205, "prec": 0.45722945746578497, "recall": 0.4746374808326193, "sp_em": 0.1513841998649561, "sp_f1": 0.6580836400451618, "sp_prec": 0.6328803468270039, "sp_recall": 0.7702414713353283, "joint_em": 0.04929101958136394, "joint_f1": 0.3059504199278312, "joint_prec": 0.29881923708211544, "joint_recall": 0.3891660948024887}