{"em": 0.21282916948008102, "f1": 0.3035337387695329, "prec": 0.31521784127793545, "recall": 0.3282082995030329, "sp_em": 0.060904794058068874, "sp_f1": 0.5798650625389338, "sp_prec": 0.5280975424155695, "sp_recall": 0.7125417189157914, "joint_em": 0.014719783929777177, "joint_f1": 0.19074873555564575, "joint_prec": 0.17625493469568418, "joint_recall": 0.25979906750163345}