{"em": 0.047670492910195816, "f1": 0.1058745598243843, "prec": 0.10597796344251441, "recall": 0.13057433885352215, "sp_em": 0.013774476704929102, "sp_f1": 0.44783767695421195, "sp_prec": 0.33833996577280123, "sp_recall": 0.7595310440178772, "joint_em": 0.0005401755570560432, "joint_f1": 0.0522765093534134, "joint_prec": 0.04048941628176008, "joint_recall": 0.10713818089339391}