{"em": 0.058203916272788654, "f1": 0.1194755770640505, "prec": 0.11286817503900569, "recall": 0.1606937480705207, "sp_em": 0.052261985145172184, "sp_f1": 0.5014422991668168, "sp_prec": 0.4980682293173865, "sp_recall": 0.5692696376322308, "joint_em": 0.0037812288993923026, "joint_f1": 0.06441535756572987, "joint_prec": 0.06019023896302762, "joint_recall": 0.10133125727150025}