{"em": 0.3515192437542201, "f1": 0.4859613505121625, "prec": 0.5030678830510034, "recall": 0.5178503908500536, "sp_em": 0.17555705604321403, "sp_f1": 0.6735855141932258, "sp_prec": 0.6645160050393012, "sp_recall": 0.7602760361403188, "joint_em": 0.06320054017555705, "joint_f1": 0.34430640728548334, "joint_prec": 0.34520455892759677, "joint_recall": 0.41756733400892654}