{"em": 0.5473328831870358, "f1": 0.6887036867979303, "prec": 0.7247235643792012, "recall": 0.6957575901853427, "sp_em": 0.45658338960162054, "sp_f1": 0.8240536258699938, "sp_prec": 0.8294646474389993, "sp_recall": 0.8526864087971519, "joint_em": 0.2684672518568535, "joint_f1": 0.583595705086203, "joint_prec": 0.6178493715002797, "joint_recall": 0.6084247933150683}