{"em": 0.0016205266711681297, "f1": 0.03352483990151608, "prec": 0.029263205471848255, "recall": 0.05858556928104522, "sp_em": 0.02322754895340986, "sp_f1": 0.46144992501787363, "sp_prec": 0.3593701693102447, "sp_recall": 0.7691673901160739, "joint_em": 0.0001350438892640108, "joint_f1": 0.015364010945279193, "joint_prec": 0.011177928782409653, "joint_recall": 0.046808913440074824}