{"em": 0.0009453072248480756, "f1": 0.03212190582755668, "prec": 0.028020749600763083, "recall": 0.057003649063068276, "sp_em": 0.0001350438892640108, "sp_f1": 0.2959470192222877, "sp_prec": 0.178190683772331, "sp_recall": 0.9929619626378572, "joint_em": 0.0, "joint_f1": 0.008649684307144554, "joint_prec": 0.0051764848540962185, "joint_recall": 0.056481036032015}