{"em": 0.05928426738690074, "f1": 0.13006889727833842, "prec": 0.12172519617826853, "recall": 0.1743608320137494, "sp_em": 0.009318028359216746, "sp_f1": 0.305378661600044, "sp_prec": 0.2718316827083703, "sp_recall": 0.4371401241117658, "joint_em": 0.0006752194463200541, "joint_f1": 0.042279386422255504, "joint_prec": 0.03595002564425112, "joint_recall": 0.08343757463117389}