{
    "em": 0.3847400405131668,
    "f1": 0.5158766636816786,
    "prec": 0.5442437085009678,
    "recall": 0.5322298222821519,
    "sp_em": 0.17960837272113436,
    "sp_f1": 0.6590410784310102,
    "sp_prec": 0.6649331211215086,
    "sp_recall": 0.7279111604128492,
    "joint_em": 0.07575962187711006,
    "joint_f1": 0.3615824173732081,
    "joint_prec": 0.3762764430916484,
    "joint_recall": 0.4167069325003143
}