{"em": 0.0437542201215395, "f1": 0.11237625363621694, "prec": 0.10554389342370456, "recall": 0.15524643976633895, "sp_em": 0.0002700877785280216, "sp_f1": 0.293950719851755, "sp_prec": 0.18331956116092915, "sp_recall": 0.8661916015562224, "joint_em": 0.0001350438892640108, "joint_f1": 0.03307457906166979, "joint_prec": 0.020820738147312997, "joint_recall": 0.1371306698359166}