{"em": 0.07346387575962188, "f1": 0.13764673151030324, "prec": 0.13353963652073042, "recall": 0.16915598134637352, "sp_em": 0.012829169480081027, "sp_f1": 0.4180440960237733, "sp_prec": 0.3211302049588275, "sp_recall": 0.6989698080447563, "joint_em": 0.0013504388926401081, "joint_f1": 0.06227160520785966, "joint_prec": 0.047761356383553416, "joint_recall": 0.12852868906479317}