{"em": 0.22066171505739365, "f1": 0.31890511523263476, "prec": 0.32906906357952953, "recall": 0.34742163718193403, "sp_em": 0.11181634031060095, "sp_f1": 0.6224871812110229, "sp_prec": 0.5989968801548785, "sp_recall": 0.7299458216777606, "joint_em": 0.024848075624577987, "joint_f1": 0.21011458316224998, "joint_prec": 0.20310404980555466, "joint_recall": 0.2748852042623141}