{"em": 0.30452397029034434, "f1": 0.42090725666000245, "prec": 0.4371552316690744, "recall": 0.4482575963686701, "sp_em": 0.1489534098582039, "sp_f1": 0.6302492375956339, "sp_prec": 0.637733076436654, "sp_recall": 0.7008666923893122, "joint_em": 0.04686022957461175, "joint_f1": 0.2815118974982113, "joint_prec": 0.2902564772487137, "joint_recall": 0.33815417814236115}