{"em": 0.5268062120189061, "f1": 0.6668186883837703, "prec": 0.7045836270414252, "recall": 0.6734272256740187, "sp_em": 0.4286293045239703, "sp_f1": 0.8128699704527108, "sp_prec": 0.8101797369859598, "sp_recall": 0.8514505964438505, "joint_em": 0.24091829844699528, "joint_f1": 0.5591176247908433, "joint_prec": 0.5879770512151098, "joint_recall": 0.589275722951615}