{"em": 0.11843349088453747, "f1": 0.18932609129628974, "prec": 0.18793335856131246, "recall": 0.221843700039176, "sp_em": 0.07076299797434166, "sp_f1": 0.5634129858437782, "sp_prec": 0.5360305134883108, "sp_recall": 0.6660781003826232, "joint_em": 0.012288993923024983, "joint_f1": 0.11672619023244836, "joint_prec": 0.10968458386052636, "joint_recall": 0.16470194518388295}