{"em": 0.041188386225523295, "f1": 0.09620312211561645, "prec": 0.1000691296099804, "recall": 0.1175594646931582, "sp_em": 0.0004051316677920324, "sp_f1": 0.3353661216174865, "sp_prec": 0.21294713339839336, "sp_recall": 0.9121409279444415, "joint_em": 0.0001350438892640108, "joint_f1": 0.034304835198292694, "joint_prec": 0.022936336742067368, "joint_recall": 0.11101368715312004}