{"em": 0.06711681296421337, "f1": 0.1306426443723867, "prec": 0.12437229324805313, "recall": 0.16820713797418754, "sp_em": 0.04159351789331533, "sp_f1": 0.5132033267954955, "sp_prec": 0.4663367737371806, "sp_recall": 0.6376552200893861, "joint_em": 0.003511141120864281, "joint_f1": 0.07397128187168549, "joint_prec": 0.06542610189024284, "joint_recall": 0.11967942618938555}