{"em": 0.5557056043214045, "f1": 0.6953345288503583, "prec": 0.7289559165420061, "recall": 0.7035657741987932, "sp_em": 0.47440918298446993, "sp_f1": 0.8258455004370204, "sp_prec": 0.8424420436641998, "sp_recall": 0.8433359055978984, "joint_em": 0.27670492910195815, "joint_f1": 0.5902367315245216, "joint_prec": 0.6306029042230917, "joint_recall": 0.6091784493359419}