{
    "em": 0.2952059419311276,
    "f1": 0.41590400997445404,
    "prec": 0.43506024697787116,
    "recall": 0.44147057702594494,
    "sp_em": 0.12424037812288993,
    "sp_f1": 0.6351294417938674,
    "sp_prec": 0.6080403095291658,
    "sp_recall": 0.7434633934600197,
    "joint_em": 0.04037812288993923,
    "joint_f1": 0.2771605058511332,
    "joint_prec": 0.2739695203763417,
    "joint_recall": 0.34718304915131315
}