{"em": 0.6271438217420662, "f1": 0.7662590696932648, "prec": 0.7938502475842104, "recall": 0.778836023868097, "sp_em": 0.5519243754220121, "sp_f1": 0.8594809676781584, "sp_prec": 0.8758969164978712, "sp_recall": 0.8713867721295196, "joint_em": 0.3713706954760297, "joint_f1": 0.6767307117551988, "joint_prec": 0.7114930189849188, "joint_recall": 0.6969417043993359}