{"em": 0.5981093855503038, "f1": 0.7382816566238636, "prec": 0.7651580627340242, "recall": 0.752139870595307, "sp_em": 0.5301823092505065, "sp_f1": 0.8489999152322169, "sp_prec": 0.8727497508118786, "sp_recall": 0.8553427542522815, "joint_em": 0.34328156650911545, "joint_f1": 0.6438342351355191, "joint_prec": 0.6842735797413386, "joint_recall": 0.6604682285728876}