{"em": 0.6079675894665766, "f1": 0.750119598478932, "prec": 0.7754985370245322, "recall": 0.7656076692082775, "sp_em": 0.5517893315327481, "sp_f1": 0.8563882879818329, "sp_prec": 0.8813684447445508, "sp_recall": 0.8603207292370088, "joint_em": 0.36272788656313304, "joint_f1": 0.6611919429587247, "joint_prec": 0.7016570693917095, "joint_recall": 0.6777954011252468}