{"em": 0.5611073598919649, "f1": 0.7040420079928978, "prec": 0.7253325037930032, "recall": 0.7242420290715371, "sp_em": 0.47035786630654963, "sp_f1": 0.8313927144953757, "sp_prec": 0.8376117059473, "sp_recall": 0.8619333783479685, "joint_em": 0.2837272113436867, "joint_f1": 0.6031958755369795, "joint_prec": 0.6272715380375725, "joint_recall": 0.6391386594187058}