{"em": 0.6220121539500337, "f1": 0.7612485988165271, "prec": 0.7911678643211384, "recall": 0.7715901839551408, "sp_em": 0.5428764348413234, "sp_f1": 0.8556639316869152, "sp_prec": 0.8746094980868879, "sp_recall": 0.8664496318446411, "joint_em": 0.3662390276839973, "joint_f1": 0.6694640789925098, "joint_prec": 0.7088800091610713, "joint_recall": 0.6862402041839931}