{"em": 0.055908170155300474, "f1": 0.1101689684033318, "prec": 0.11213010637048447, "recall": 0.12737719177108303, "sp_em": 0.015935178933153275, "sp_f1": 0.45278999319533225, "sp_prec": 0.3526848869782983, "sp_recall": 0.72033696665702, "joint_em": 0.001485482781904119, "joint_f1": 0.057105443448403716, "joint_prec": 0.04639531138267685, "joint_recall": 0.10112607249498058}