{"em": 0.5524645509790682, "f1": 0.6945052750521652, "prec": 0.7270150222648524, "recall": 0.703834607566288, "sp_em": 0.4939905469277515, "sp_f1": 0.8284663652050803, "sp_prec": 0.8539860454647838, "sp_recall": 0.8361440146619149, "joint_em": 0.29142471303173534, "joint_f1": 0.5919494337822451, "joint_prec": 0.6379446969740666, "joint_recall": 0.6037958163315108}