{"em": 0.09601620526671169, "f1": 0.1737411908366683, "prec": 0.16672530935191307, "recall": 0.21210346896707452, "sp_em": 0.07238352464550979, "sp_f1": 0.569481006651843, "sp_prec": 0.5435931320536284, "sp_recall": 0.6665415903025614, "joint_em": 0.011343686698176907, "joint_f1": 0.10831905909121772, "joint_prec": 0.09948572635507119, "joint_recall": 0.15744379682512705}