{"em": 0.02322754895340986, "f1": 0.07589383608078601, "prec": 0.08247803738013051, "recall": 0.0965112232610347, "sp_em": 0.01850101282916948, "sp_f1": 0.5288409115080129, "sp_prec": 0.41931759964846377, "sp_recall": 0.7875253207292383, "joint_em": 0.0004051316677920324, "joint_f1": 0.04417922559166926, "joint_prec": 0.037747017253455944, "joint_recall": 0.08531930260760147}