{"em": 0.3182984469952735, "f1": 0.4552626960342953, "prec": 0.46371752337991506, "recall": 0.4959983783565822, "sp_em": 0.14314652261985145, "sp_f1": 0.6490502063020722, "sp_prec": 0.6318295231664559, "sp_recall": 0.7439212565512382, "joint_em": 0.04415935178933153, "joint_f1": 0.30672796216892145, "joint_prec": 0.3000033561303464, "joint_recall": 0.38864007110377735}