{"em": 0.07332883187035787, "f1": 0.13903251121120053, "prec": 0.15065033061319358, "recall": 0.14719949867822946, "sp_em": 0.07913571910871033, "sp_f1": 0.5519092243940374, "sp_prec": 0.5431992540432761, "sp_recall": 0.6292172277418732, "joint_em": 0.010263335584064821, "joint_f1": 0.08826141229458039, "joint_prec": 0.09399793459526232, "joint_recall": 0.10513771583656796}