{"em": 0.2449696151249156, "f1": 0.3679926078541052, "prec": 0.37056833181073606, "recall": 0.4081947985419409, "sp_em": 0.11721809588116137, "sp_f1": 0.6231006078474056, "sp_prec": 0.6152188568427567, "sp_recall": 0.7105136490788105, "joint_em": 0.027954085077650237, "joint_f1": 0.2418185853847375, "joint_prec": 0.23235289470540788, "joint_recall": 0.31608673948418503}