{"em": 0.562322754895341, "f1": 0.7009124608551361, "prec": 0.7363512768273051, "recall": 0.7065364114840822, "sp_em": 0.49277515192437543, "sp_f1": 0.8337687573136849, "sp_prec": 0.8513166779203326, "sp_recall": 0.8496530658178263, "joint_em": 0.2960162052667117, "joint_f1": 0.6014672761765896, "joint_prec": 0.6447791933352364, "joint_recall": 0.616713638931902}