{"em": 0.05415259959486833, "f1": 0.11727426727732022, "prec": 0.12749413914167465, "recall": 0.1356267011509893, "sp_em": 0.01823092505064146, "sp_f1": 0.45138275715732185, "sp_prec": 0.35714097905943154, "sp_recall": 0.7011345294363508, "joint_em": 0.001485482781904119, "joint_f1": 0.06138601818601744, "joint_prec": 0.05301246486108788, "joint_recall": 0.10699636625968197}