{
    "em": 0.0016205266711681297,
    "f1": 0.034923701225193345,
    "prec": 0.031041947399138445,
    "recall": 0.05944373853100063,
    "sp_em": 0.0002700877785280216,
    "sp_f1": 0.33671317802677847,
    "sp_prec": 0.2135896657612577,
    "sp_recall": 0.9033092183531127,
    "joint_em": 0.0,
    "joint_f1": 0.010835916889570918,
    "joint_prec": 0.006827565021212446,
    "joint_recall": 0.05366262921342949
}