{
    "em": 0.04821066846725185,
    "f1": 0.11402153693305038,
    "prec": 0.11113905525789385,
    "recall": 0.14952508085357508,
    "sp_em": 0.008912896691424713,
    "sp_f1": 0.45851249665455246,
    "sp_prec": 0.34187955236097617,
    "sp_recall": 0.7862141088710971,
    "joint_em": 0.0012153950033760973,
    "joint_f1": 0.05751662978278236,
    "joint_prec": 0.043348426981742745,
    "joint_recall": 0.1286337375955876
}