{"em": 0.5462525320729237, "f1": 0.6894382837729582, "prec": 0.7226088874738428, "recall": 0.7005510782637728, "sp_em": 0.45833896016205267, "sp_f1": 0.82435925766786, "sp_prec": 0.823186392720501, "sp_recall": 0.8601292562940159, "joint_em": 0.2675219446320054, "joint_f1": 0.5848074804400066, "joint_prec": 0.6108527899439412, "joint_recall": 0.6182739280063707}