{"em": 0.04577987846049966, "f1": 0.10969244401751051, "prec": 0.11029383738026548, "recall": 0.13718072665574352, "sp_em": 0.014044564483457124, "sp_f1": 0.45666678489465007, "sp_prec": 0.35108623374964926, "sp_recall": 0.7389609658853407, "joint_em": 0.0006752194463200541, "joint_f1": 0.056183114838621026, "joint_prec": 0.0447827949103867, "joint_recall": 0.11210782106207488}