{"em": 0.5612424037812289, "f1": 0.7011863863298377, "prec": 0.7334732729195917, "recall": 0.7105649236726221, "sp_em": 0.487238352464551, "sp_f1": 0.8342057792159348, "sp_prec": 0.8437294620751831, "sp_recall": 0.8576968586219152, "joint_em": 0.29453072248480755, "joint_f1": 0.6018758506536367, "joint_prec": 0.637350240969922, "joint_recall": 0.6247690387550265}