{"em": 0.26401080351114115, "f1": 0.381041168364749, "prec": 0.3915553277842278, "recall": 0.41771947352228955, "sp_em": 0.11195138419986496, "sp_f1": 0.6195660959941917, "sp_prec": 0.6093708133714852, "sp_recall": 0.7082158129963676, "joint_em": 0.031465226198514516, "joint_f1": 0.24892982911943, "joint_prec": 0.2446160827077929, "joint_recall": 0.31865243844917723}