{"em": 0.046049966239027684, "f1": 0.10989497328861324, "prec": 0.11462853374399626, "recall": 0.13242385103389206, "sp_em": 0.009588116137744768, "sp_f1": 0.44762151490352414, "sp_prec": 0.33755722087354467, "sp_recall": 0.7708340567827416, "joint_em": 0.0002700877785280216, "joint_f1": 0.05334682607187857, "joint_prec": 0.04291417213415783, "joint_recall": 0.10817560104915619}