{"em": 0.3326130992572586, "f1": 0.4571866451808247, "prec": 0.4759893400170244, "recall": 0.4837159593726104, "sp_em": 0.15273463875759621, "sp_f1": 0.6589383817473061, "sp_prec": 0.641863454648734, "sp_recall": 0.7549705797241256, "joint_em": 0.053342336259284265, "joint_f1": 0.3192277663053443, "joint_prec": 0.314774574105288, "joint_recall": 0.3925333170842957}