{"em": 0.5366644159351789, "f1": 0.6765916200952992, "prec": 0.7137082045420995, "recall": 0.6832145705221334, "sp_em": 0.44199864956110735, "sp_f1": 0.8142643177214678, "sp_prec": 0.8255908170155397, "sp_recall": 0.838415967332246, "joint_em": 0.2537474679270763, "joint_f1": 0.5674019579727112, "joint_prec": 0.6051130558990089, "joint_recall": 0.5893314149151395}