{"em": 0.06576637407157326, "f1": 0.1370100145640883, "prec": 0.12962470944915258, "recall": 0.1809317059637791, "sp_em": 0.03308575286968265, "sp_f1": 0.5119341623190343, "sp_prec": 0.44875057608008534, "sp_recall": 0.6694971222790258, "joint_em": 0.0036461850101282916, "joint_f1": 0.07590686929193725, "joint_prec": 0.06451475656197361, "joint_recall": 0.13291593288048378}