{"em": 0.1273463875759622, "f1": 0.20097194347711242, "prec": 0.20137128307958801, "recall": 0.23413726512814978, "sp_em": 0.06779203241053343, "sp_f1": 0.5672150851624203, "sp_prec": 0.528606957975626, "sp_recall": 0.6853290890968141, "joint_em": 0.012829169480081027, "joint_f1": 0.12572271913498365, "joint_prec": 0.11636968043808224, "joint_recall": 0.18164533930570395}