{"em": 0.5427413909520594, "f1": 0.684148987419518, "prec": 0.720466167488449, "recall": 0.6901838290376443, "sp_em": 0.4726536124240378, "sp_f1": 0.820226554149606, "sp_prec": 0.8457663740715821, "sp_recall": 0.8293832995723665, "joint_em": 0.2714382174206617, "joint_f1": 0.5776307849132334, "joint_prec": 0.6257384875421664, "joint_recall": 0.5897711940446548}