{"em": 0.5596218771100607, "f1": 0.6997612921106208, "prec": 0.7358376273737508, "recall": 0.7060907748939494, "sp_em": 0.49844699527346387, "sp_f1": 0.8334199381532541, "sp_prec": 0.8597321629529681, "sp_recall": 0.8399210636314007, "joint_em": 0.2969615124915598, "joint_f1": 0.5987095402905294, "joint_prec": 0.6497561144372404, "joint_recall": 0.6072090287110526}