{"em": 0.03835246455097907, "f1": 0.10454705484604715, "prec": 0.11557489475787927, "recall": 0.125913390041662, "sp_em": 0.00823767724510466, "sp_f1": 0.446949362674613, "sp_prec": 0.32873837389659694, "sp_recall": 0.7942204430725699, "joint_em": 0.0008102633355840649, "joint_f1": 0.05277832420957594, "joint_prec": 0.0431322139359522, "joint_recall": 0.11005942059974502}