{"em": 0.5474679270762998, "f1": 0.6884252139262277, "prec": 0.7222317269346293, "recall": 0.697806957653346, "sp_em": 0.47792032410533425, "sp_f1": 0.8277998856122002, "sp_prec": 0.8441098356966102, "sp_recall": 0.845172180958819, "joint_em": 0.27981093855503036, "joint_f1": 0.5864082683806603, "joint_prec": 0.6260097710327268, "joint_recall": 0.6063804080731814}