{"em": 0.5482781904118839, "f1": 0.6884777194795109, "prec": 0.7246241008597514, "recall": 0.6955804108488111, "sp_em": 0.46158001350438893, "sp_f1": 0.8226936189326745, "sp_prec": 0.832658113887023, "sp_recall": 0.8463171602199359, "joint_em": 0.27184334908845376, "joint_f1": 0.5828973804246184, "joint_prec": 0.6196963424951257, "joint_recall": 0.6051142631282711}