{"em": 0.574611748818366, "f1": 0.718462195338024, "prec": 0.7498916092535258, "recall": 0.7274748605712392, "sp_em": 0.5334233625928426, "sp_f1": 0.8522690184000372, "sp_prec": 0.8614449696151347, "sp_recall": 0.8721407671779109, "joint_em": 0.32437542201215397, "joint_f1": 0.6271991655826863, "joint_prec": 0.6633856097387497, "joint_recall": 0.6472067796137569}