{"em": 0.04713031735313977, "f1": 0.09933448371925745, "prec": 0.10119609477475797, "recall": 0.12557369618417408, "sp_em": 0.017150573936529374, "sp_f1": 0.4361428245115801, "sp_prec": 0.3489421876209685, "sp_recall": 0.6740617665026837, "joint_em": 0.0010803511141120863, "joint_f1": 0.049274296622065145, "joint_prec": 0.041178572307446426, "joint_recall": 0.09419427153499918}