{"em": 0.52559081701553, "f1": 0.6641931043763223, "prec": 0.6980043667788426, "recall": 0.6733964787931709, "sp_em": 0.4525320729237002, "sp_f1": 0.8129958165474976, "sp_prec": 0.833947783029494, "sp_recall": 0.8293709205491842, "joint_em": 0.25833896016205266, "joint_f1": 0.5592144014367803, "joint_prec": 0.6005996291951697, "joint_recall": 0.5783328301290802}