{
    "em": 0.5542201215395003,
    "f1": 0.6954638194201592,
    "prec": 0.7287706595302808,
    "recall": 0.704897608018811,
    "sp_em": 0.46414584740040515,
    "sp_f1": 0.8276269397944201,
    "sp_prec": 0.8286158001350535,
    "sp_recall": 0.8595447091733454,
    "joint_em": 0.27778528021607024,
    "joint_f1": 0.5923787729985588,
    "joint_prec": 0.6213752689654086,
    "joint_recall": 0.6212160793416686
}