{"em": 0.3111411208642809, "f1": 0.43511080242966443, "prec": 0.44992973752933346, "recall": 0.46503153666050395, "sp_em": 0.16596893990546926, "sp_f1": 0.6553697761462897, "sp_prec": 0.6514675758632553, "sp_recall": 0.7345828108420974, "joint_em": 0.055908170155300474, "joint_f1": 0.30138423351457005, "joint_prec": 0.30284715387324745, "joint_recall": 0.36679266678253764}