{"em": 0.053342336259284265, "f1": 0.11187772932734377, "prec": 0.10552125906953738, "recall": 0.15206547054116287, "sp_em": 0.048615800135043886, "sp_f1": 0.5133931085045256, "sp_prec": 0.49091009935371854, "sp_recall": 0.604242789620913, "joint_em": 0.003511141120864281, "joint_f1": 0.06338745894720726, "joint_prec": 0.05690104127123035, "joint_recall": 0.10544496916542824}