{"em": 0.047535449020931805, "f1": 0.10551682018237726, "prec": 0.10562191915669294, "recall": 0.13008560858761434, "sp_em": 0.013639432815665091, "sp_f1": 0.44829833081403936, "sp_prec": 0.3384624011632695, "sp_recall": 0.7608814829105173, "joint_em": 0.0005401755570560432, "joint_f1": 0.05213925916856422, "joint_prec": 0.04035240441142016, "joint_recall": 0.10703261086885024}