{"em": 0.21674544226873735, "f1": 0.3083732889533657, "prec": 0.3188904883097992, "recall": 0.33352656365316724, "sp_em": 0.07832545577312626, "sp_f1": 0.5800269398243793, "sp_prec": 0.5558754273710348, "sp_recall": 0.6759771389987466, "joint_em": 0.019986495611073598, "joint_f1": 0.1945714829074889, "joint_prec": 0.18688390999177626, "joint_recall": 0.2528573487807112}