{"em": 0.35584064821066846, "f1": 0.4913013489953378, "prec": 0.5092059242430619, "recall": 0.5220500783964465, "sp_em": 0.1787981093855503, "sp_f1": 0.6728683957651015, "sp_prec": 0.6676035068540138, "sp_recall": 0.7548070801581951, "joint_em": 0.06455097906819716, "joint_f1": 0.34831594909963426, "joint_prec": 0.3510660665024747, "joint_recall": 0.4199885595266886}