{"em": 0.022687373396353815, "f1": 0.06827348766631017, "prec": 0.073957888086855, "recall": 0.0839912733751356, "sp_em": 0.048480756245779875, "sp_f1": 0.43106821920400257, "sp_prec": 0.4086071080110545, "sp_recall": 0.5410684543905344, "joint_em": 0.0018906144496961513, "joint_f1": 0.03785436309148875, "joint_prec": 0.03747581562036034, "joint_recall": 0.05855324802488881}