{"em": 0.07049291019581364, "f1": 0.1436765127144143, "prec": 0.1503824557166893, "recall": 0.1618691707334121, "sp_em": 0.08170155300472653, "sp_f1": 0.5577254166045568, "sp_prec": 0.5387548095988317, "sp_recall": 0.6461983537506832, "joint_em": 0.009182984469952735, "joint_f1": 0.09029638681485594, "joint_prec": 0.09166316081501273, "joint_recall": 0.11849631000572335}