{"em": 0.3027683997299122, "f1": 0.4385052071514543, "prec": 0.4449726839294709, "recall": 0.48114836884924683, "sp_em": 0.15084402430790006, "sp_f1": 0.645797397141093, "sp_prec": 0.6482726171720098, "sp_recall": 0.7220751744316909, "joint_em": 0.04942606347062795, "joint_f1": 0.29989388073810175, "joint_prec": 0.2988560019527759, "joint_recall": 0.37224508254893124}