{"em": 0.0949358541525996, "f1": 0.15516858849973614, "prec": 0.15192053763627036, "recall": 0.17948709610593494, "sp_em": 0.06333558406482107, "sp_f1": 0.5584239423267122, "sp_prec": 0.5235090511559098, "sp_recall": 0.6694000192919832, "joint_em": 0.008912896691424713, "joint_f1": 0.09502738016720094, "joint_prec": 0.08836744384660845, "joint_recall": 0.13209009573965663}