{"em": 0.20040513166779203, "f1": 0.3238385886696176, "prec": 0.32527503069366703, "recall": 0.3722923113723244, "sp_em": 0.13598919648885888, "sp_f1": 0.6369486661586649, "sp_prec": 0.6334280248223512, "sp_recall": 0.7241924696955088, "joint_em": 0.026468602295746116, "joint_f1": 0.21607645724859292, "joint_prec": 0.21000959552346157, "joint_recall": 0.2918733264259938}