{"em": 0.001485482781904119, "f1": 0.02943788587088126, "prec": 0.026208007799837615, "recall": 0.04942361848784372, "sp_em": 0.0001350438892640108, "sp_f1": 0.2959470192222877, "sp_prec": 0.178190683772331, "sp_recall": 0.9929619626378572, "joint_em": 0.0, "joint_f1": 0.008152031224764532, "joint_prec": 0.005033211230974084, "joint_recall": 0.049039800565200665}