{"em": 0.002025658338960162, "f1": 0.0352849446897981, "prec": 0.030968218517171915, "recall": 0.05951362245191915, "sp_em": 0.027819041188386226, "sp_f1": 0.5475641992488577, "sp_prec": 0.4359640243468772, "sp_recall": 0.8273889907076962, "joint_em": 0.0, "joint_f1": 0.018152109023421178, "joint_prec": 0.01336880496579546, "joint_recall": 0.04913095066225899}