{"em": 0.5139770425388251, "f1": 0.6518497857676546, "prec": 0.6865307885902077, "recall": 0.6588356780866821, "sp_em": 0.43200540175557056, "sp_f1": 0.810754126959418, "sp_prec": 0.8213816276004076, "sp_recall": 0.8402081926626207, "joint_em": 0.2451046590141796, "joint_f1": 0.5472482732117282, "joint_prec": 0.5822886157281794, "joint_recall": 0.5709540702167174}