{"em": 0.537339635381499, "f1": 0.6781718586087259, "prec": 0.7131245804237016, "recall": 0.6864500506245952, "sp_em": 0.4239027683997299, "sp_f1": 0.8125120456856031, "sp_prec": 0.813765152245918, "sp_recall": 0.8508149255651002, "joint_em": 0.24686022957461176, "joint_f1": 0.5692784344206852, "joint_prec": 0.5978228839957367, "joint_recall": 0.6011286586347335}