{"em": 0.0010803511141120863, "f1": 0.030156645190735798, "prec": 0.02680951541518726, "recall": 0.05352564814583714, "sp_em": 0.0001350438892640108, "sp_f1": 0.2959470192222877, "sp_prec": 0.178190683772331, "sp_recall": 0.9929619626378572, "joint_em": 0.0, "joint_f1": 0.008298625206141438, "joint_prec": 0.0050649972061955865, "joint_recall": 0.053353774104955676}