{"em": 0.0012153950033760973, "f1": 0.029916858248944966, "prec": 0.026640140937912702, "recall": 0.051594747626145236, "sp_em": 0.05698852126941256, "sp_f1": 0.5371986674890197, "sp_prec": 0.5123716279219326, "sp_recall": 0.6280214462557475, "joint_em": 0.0002700877785280216, "joint_f1": 0.016627987207511245, "joint_prec": 0.014450002288456066, "joint_recall": 0.03482444587947627}