{"em": 0.05037137069547603, "f1": 0.11117756798364761, "prec": 0.11102602813946491, "recall": 0.13850107019855218, "sp_em": 0.0031060094530722484, "sp_f1": 0.423446310288483, "sp_prec": 0.29531279395810234, "sp_recall": 0.8516058969164981, "joint_em": 0.0002700877785280216, "joint_f1": 0.05029306657041698, "joint_prec": 0.03619290150142377, "joint_recall": 0.12380008058871705}