{"em": 0.525320729237002, "f1": 0.6647909813667852, "prec": 0.7006088644643665, "recall": 0.6728044715806368, "sp_em": 0.43214044564483456, "sp_f1": 0.8108759197888423, "sp_prec": 0.8185505289219107, "sp_recall": 0.8393873187357376, "joint_em": 0.24699527346387576, "joint_f1": 0.5568881155754578, "joint_prec": 0.5907707879936062, "joint_recall": 0.581303086921079}