{"em": 0.5482781904118839, "f1": 0.6856174845455885, "prec": 0.7212338917740665, "recall": 0.6915922315736637, "sp_em": 0.4548278190411884, "sp_f1": 0.8211720659864076, "sp_prec": 0.8306819716407923, "sp_recall": 0.8463969004212158, "joint_em": 0.26414584740040514, "joint_f1": 0.5794986905142756, "joint_prec": 0.6155563318005901, "joint_recall": 0.6011615988857693}