{"em": 0.5977042538825118, "f1": 0.7383757871985173, "prec": 0.7678390541861168, "recall": 0.7495907334270735, "sp_em": 0.5471978392977718, "sp_f1": 0.853488283042666, "sp_prec": 0.8783682196714011, "sp_recall": 0.8575159962702242, "joint_em": 0.3485482781904119, "joint_f1": 0.6457516462569117, "joint_prec": 0.6905056213074454, "joint_recall": 0.6577640317570209}