{"em": 0.5696151249155975, "f1": 0.7107168873489311, "prec": 0.7388528977961786, "recall": 0.7250546681718992, "sp_em": 0.5083051991897367, "sp_f1": 0.834812434171002, "sp_prec": 0.8609551139834801, "sp_recall": 0.8419409343751078, "joint_em": 0.3035786630654963, "joint_f1": 0.6078464084910469, "joint_prec": 0.6513025728116877, "joint_recall": 0.6248874218150818}