{"em": 0.5891964888588791, "f1": 0.7324430621832955, "prec": 0.7595079228671393, "recall": 0.7463791821877588, "sp_em": 0.5409858203916272, "sp_f1": 0.8478028671006644, "sp_prec": 0.8772361017330697, "sp_recall": 0.8486735153210576, "joint_em": 0.34058068872383523, "joint_f1": 0.638275212103583, "joint_prec": 0.6828771482225235, "joint_recall": 0.6513625173561024}