{"em": 0.612829169480081, "f1": 0.752920536203641, "prec": 0.7815667380859813, "recall": 0.7646744002291738, "sp_em": 0.5427413909520594, "sp_f1": 0.8552446578105181, "sp_prec": 0.8721819234108289, "sp_recall": 0.8675394681843102, "joint_em": 0.35786630654962864, "joint_f1": 0.6604586491504478, "joint_prec": 0.699363380030328, "joint_recall": 0.6786973080425948}