{"em": 0.5690749493585415, "f1": 0.7107696757530715, "prec": 0.7390128005387958, "recall": 0.7243974838077603, "sp_em": 0.49844699527346387, "sp_f1": 0.8322505073889538, "sp_prec": 0.8570200315102482, "sp_recall": 0.8405755441947282, "joint_em": 0.30182309250506417, "joint_f1": 0.6081713367835281, "joint_prec": 0.6508906085536736, "joint_recall": 0.6242626316641268}