{"em": 0.5989196488858879, "f1": 0.7382057815220967, "prec": 0.7667203188438838, "recall": 0.7491422961088741, "sp_em": 0.5305874409182985, "sp_f1": 0.8475033736614005, "sp_prec": 0.8683871901225106, "sp_recall": 0.8572920484871934, "joint_em": 0.34220121539500337, "joint_f1": 0.6427458311458061, "joint_prec": 0.6838564604113226, "joint_recall": 0.6579248794257236}