{"em": 0.036191762322754895, "f1": 0.08300501903034906, "prec": 0.09334257947019595, "recall": 0.09209571170070846, "sp_em": 0.009588116137744768, "sp_f1": 0.4483992134543329, "sp_prec": 0.33428335244582785, "sp_recall": 0.7801998328028042, "joint_em": 0.0006752194463200541, "joint_f1": 0.04142240549191736, "joint_prec": 0.03423325700334746, "joint_recall": 0.07739264193180467}