{"em": 0.002835921674544227, "f1": 0.05118626165435188, "prec": 0.04288338078007215, "recall": 0.09181081147826607, "sp_em": 0.0001350438892640108, "sp_f1": 0.29255357992649983, "sp_prec": 0.17689479972252464, "sp_recall": 0.9646217163435263, "joint_em": 0.0, "joint_f1": 0.013315467547492436, "joint_prec": 0.007774436473399062, "joint_recall": 0.08862590463029371}