{"em": 0.08426738690074274, "f1": 0.15142116453289867, "prec": 0.14865277119159637, "recall": 0.17588045589386112, "sp_em": 0.09020931802835921, "sp_f1": 0.5470082517077853, "sp_prec": 0.5674891482588953, "sp_recall": 0.5949200990321858, "joint_em": 0.012288993923024983, "joint_f1": 0.09375715086840385, "joint_prec": 0.09500298754687671, "joint_recall": 0.12018195790299287}