{"em": 0.1736664415935179, "f1": 0.264089374062481, "prec": 0.2740471255055995, "recall": 0.2852754730826979, "sp_em": 0.061174881836596896, "sp_f1": 0.5042332542957754, "sp_prec": 0.45804062021253794, "sp_recall": 0.6654893733320468, "joint_em": 0.012153950033760972, "joint_f1": 0.1462444586685838, "joint_prec": 0.1358488291809108, "joint_recall": 0.21150372594244965}