{"em": 0.026063470627954086, "f1": 0.08348564437665919, "prec": 0.10758722558857602, "recall": 0.08086013455636516, "sp_em": 0.010398379473328832, "sp_f1": 0.4493080853541615, "sp_prec": 0.3436426851703806, "sp_recall": 0.7383236873412441, "joint_em": 0.0006752194463200541, "joint_f1": 0.0463289955069338, "joint_prec": 0.04437763856550667, "joint_recall": 0.06866956066930248}