{"em": 0.55016880486158, "f1": 0.6919787384667648, "prec": 0.7256468612039169, "recall": 0.7016881005182827, "sp_em": 0.4811613774476705, "sp_f1": 0.829174848708974, "sp_prec": 0.8408552779653476, "sp_recall": 0.8495443876402756, "joint_em": 0.28831870357866307, "joint_f1": 0.5913807135385281, "joint_prec": 0.6279526089485563, "joint_recall": 0.613431759015484}