{"em": 0.5528696826468602, "f1": 0.6951189377777041, "prec": 0.7291772740726141, "recall": 0.7044748276331667, "sp_em": 0.47413909520594194, "sp_f1": 0.827303906237086, "sp_prec": 0.8367904568985015, "sp_recall": 0.8508737661168518, "joint_em": 0.2772451046590142, "joint_f1": 0.5915729521691216, "joint_prec": 0.6276114840220162, "joint_recall": 0.615268077690932}