{"em": 0.5413909520594193, "f1": 0.6814483531499774, "prec": 0.7167508056501969, "recall": 0.68934391982839, "sp_em": 0.4548278190411884, "sp_f1": 0.8202292972988715, "sp_prec": 0.8317285617825888, "sp_recall": 0.8435723931706448, "joint_em": 0.2634706279540851, "joint_f1": 0.5757084303572181, "joint_prec": 0.6129327594530136, "joint_recall": 0.597825067741169}