{"em": 0.002835921674544227, "f1": 0.020228828978586005, "prec": 0.028707715871794205, "recall": 0.02227390135560291, "sp_em": 0.04064821066846725, "sp_f1": 0.5497896806472071, "sp_prec": 0.4793335155354069, "sp_recall": 0.7108943442333058, "joint_em": 0.0, "joint_f1": 0.012307625667006196, "joint_prec": 0.014824300674763688, "joint_recall": 0.01681575083330654}