{"em": 0.04415935178933153, "f1": 0.10783761445350401, "prec": 0.1223999633047574, "recall": 0.11330439348332673, "sp_em": 0.07832545577312626, "sp_f1": 0.5403310621406581, "sp_prec": 0.5342995402077081, "sp_recall": 0.6109797112633034, "joint_em": 0.006482106684672519, "joint_f1": 0.06902369277869497, "joint_prec": 0.07727295310161608, "joint_recall": 0.08193696861320093}