{"em": 0.0049966239027683995, "f1": 0.045466087198185616, "prec": 0.051032070562793026, "recall": 0.06381520821704308, "sp_em": 0.0012153950033760973, "sp_f1": 0.39578611975164113, "sp_prec": 0.26534202262131173, "sp_recall": 0.8881749782965207, "joint_em": 0.0, "joint_f1": 0.0192297978024163, "joint_prec": 0.01451124000571004, "joint_recall": 0.058695382747791576}