{"em": 0.07643484132343012, "f1": 0.12519747248347035, "prec": 0.1264003338547566, "recall": 0.14319665554641933, "sp_em": 0.06725185685347738, "sp_f1": 0.554498364565894, "sp_prec": 0.5470599016108788, "sp_recall": 0.6319621555576997, "joint_em": 0.007427413909520594, "joint_f1": 0.07492784367186929, "joint_prec": 0.07390348798924078, "joint_recall": 0.09853282249298449}