{"em": 0.12950708980418635, "f1": 0.20247893185615165, "prec": 0.19996858644394078, "recall": 0.22827010936396488, "sp_em": 0.11154625253207293, "sp_f1": 0.5641613881654429, "sp_prec": 0.6048895533905644, "sp_recall": 0.5944252596379539, "joint_em": 0.01647535449020932, "joint_f1": 0.12429297419169077, "joint_prec": 0.13159548166215912, "joint_recall": 0.14867885434394545}