{"em": 0.5615124915597569, "f1": 0.699734522107276, "prec": 0.7326493200699806, "recall": 0.7084580654921647, "sp_em": 0.4637407157326131, "sp_f1": 0.8288306621730258, "sp_prec": 0.8299102922735688, "sp_recall": 0.8628343140092025, "joint_em": 0.28048615800135046, "joint_f1": 0.5973420828634697, "joint_prec": 0.6269064029725727, "joint_recall": 0.6268048659458172}