{"em": 0.5565158676569886, "f1": 0.6965537983492662, "prec": 0.7307387833113679, "recall": 0.7049722407909448, "sp_em": 0.4676569885212694, "sp_f1": 0.829570534499663, "sp_prec": 0.8291575833574574, "sp_recall": 0.8629701617311404, "joint_em": 0.2811613774476705, "joint_f1": 0.5951339249230715, "joint_prec": 0.6236244334353708, "joint_recall": 0.6246599850121103}