{"em": 0.35692099932478055, "f1": 0.4874829253638437, "prec": 0.5084355347555892, "recall": 0.5131965860308201, "sp_em": 0.15813639432815665, "sp_f1": 0.662076046843106, "sp_prec": 0.6478025358241428, "sp_recall": 0.754410629883285, "joint_em": 0.0587440918298447, "joint_f1": 0.338090151344592, "joint_prec": 0.3371713830676651, "joint_recall": 0.4113574499437083}