{"em": 0.06022957461174882, "f1": 0.12251144143100963, "prec": 0.13299950218586273, "recall": 0.14069455789914953, "sp_em": 0.03862255232950709, "sp_f1": 0.5026098344599415, "sp_prec": 0.4564811420854655, "sp_recall": 0.6209727983023048, "joint_em": 0.0031060094530722484, "joint_f1": 0.06761925130335979, "joint_prec": 0.06717692129009277, "joint_recall": 0.09568618511056057}