{"em": 0.28062120189061446, "f1": 0.4072281858300844, "prec": 0.42229891273105447, "recall": 0.440154455417791, "sp_em": 0.12761647535449022, "sp_f1": 0.6470953564404014, "sp_prec": 0.620835503681551, "sp_recall": 0.7549051477444472, "joint_em": 0.03646185010128292, "joint_f1": 0.2752268123827676, "joint_prec": 0.2694023124287916, "joint_recall": 0.3507959197003756}