{"em": 0.15827143821742065, "f1": 0.23796907536788156, "prec": 0.24099396289808123, "recall": 0.26941861424643315, "sp_em": 0.07940580688723835, "sp_f1": 0.5742634498070067, "sp_prec": 0.5515057929541354, "sp_recall": 0.6680849490370077, "joint_em": 0.01688048615800135, "joint_f1": 0.14954588937473104, "joint_prec": 0.1438661370595147, "joint_recall": 0.2006617854474033}