{"em": 0.062120189061444966, "f1": 0.12554258258787773, "prec": 0.11814642031387486, "recall": 0.17130030184385356, "sp_em": 0.03295070898041864, "sp_f1": 0.522937633302249, "sp_prec": 0.45077425163178203, "sp_recall": 0.6887788174013701, "joint_em": 0.003511141120864281, "joint_f1": 0.06914134353547444, "joint_prec": 0.05784153943170525, "joint_recall": 0.12869634604273347}