{"em": 0.5431465226198514, "f1": 0.6844099892766838, "prec": 0.7173206169627498, "recall": 0.6933700609916013, "sp_em": 0.027683997299122215, "sp_f1": 0.5187650664508386, "sp_prec": 0.41580153472456305, "sp_recall": 0.7656327770811243, "joint_em": 0.014854827819041188, "joint_f1": 0.36229455126221766, "joint_prec": 0.30249477945520914, "joint_recall": 0.5394341305217377}