{"em": 0.5482781904118839, "f1": 0.6894418987443993, "prec": 0.7248598790361108, "recall": 0.6973067545029068, "sp_em": 0.4844024307900068, "sp_f1": 0.8261901644008589, "sp_prec": 0.8532162952959789, "sp_recall": 0.8334598565962564, "joint_em": 0.2849426063470628, "joint_f1": 0.5857167488519265, "joint_prec": 0.6360138872868434, "joint_recall": 0.5960523826524804}