{"em": 0.05523295070898042, "f1": 0.11534100988774487, "prec": 0.1227440816367218, "recall": 0.1322448147149264, "sp_em": 0.02538825118163403, "sp_f1": 0.4419270189092334, "sp_prec": 0.37091143005491706, "sp_recall": 0.6378243464840349, "joint_em": 0.0018906144496961513, "joint_f1": 0.05816103351417718, "joint_prec": 0.05144069965393037, "joint_recall": 0.09511700385821607}