{"em": 0.5218095881161378, "f1": 0.6606285430294346, "prec": 0.6973981933738846, "recall": 0.6674294129982855, "sp_em": 0.03011478730587441, "sp_f1": 0.5309371160012499, "sp_prec": 0.431180250464521, "sp_recall": 0.7598504871226021, "joint_em": 0.015530047265361242, "joint_f1": 0.3584509954803056, "joint_prec": 0.30432267922139944, "joint_recall": 0.5163796817444667}