{"em": 0.04929101958136394, "f1": 0.10570491618282289, "prec": 0.10867387095611275, "recall": 0.12972011295779032, "sp_em": 0.014449696151249155, "sp_f1": 0.45466919090119107, "sp_prec": 0.35046410380604465, "sp_recall": 0.7343106330986137, "joint_em": 0.0009453072248480756, "joint_f1": 0.05415670240948144, "joint_prec": 0.04390743848801367, "joint_recall": 0.10518343723948041}