{"em": 0.5571910871033086, "f1": 0.6970693809286617, "prec": 0.7299581561060284, "recall": 0.705762038059473, "sp_em": 0.47589466576637407, "sp_f1": 0.8294612035125476, "sp_prec": 0.8432706343847556, "sp_recall": 0.8493365165107303, "joint_em": 0.28048615800135046, "joint_f1": 0.5946852165729138, "joint_prec": 0.632284075422663, "joint_recall": 0.6156869326062417}