{"em": 0.5524645509790682, "f1": 0.6927198349674829, "prec": 0.7267723431194049, "recall": 0.7004687511827963, "sp_em": 0.47332883187035785, "sp_f1": 0.8254157276439795, "sp_prec": 0.8446432590592027, "sp_recall": 0.8400530529565033, "joint_em": 0.2785955435516543, "joint_f1": 0.5877268429223187, "joint_prec": 0.6307117387638976, "joint_recall": 0.6044027526291171}