{"em": 0.5535449020931803, "f1": 0.6949849575535654, "prec": 0.7320475787997722, "recall": 0.7016833598343514, "sp_em": 0.474814314652262, "sp_f1": 0.8317608514975422, "sp_prec": 0.8336590463329243, "sp_recall": 0.862270345004991, "joint_em": 0.27954085077650237, "joint_f1": 0.5939862334975594, "joint_prec": 0.6263453024830451, "joint_recall": 0.619937410463991}