{"em": 0.05307224848075624, "f1": 0.11595045747752047, "prec": 0.12586693035376367, "recall": 0.1343314782554963, "sp_em": 0.009858203916272788, "sp_f1": 0.456205949282699, "sp_prec": 0.34337228010642745, "sp_recall": 0.7678491045304013, "joint_em": 0.0008102633355840649, "joint_f1": 0.060557955589583774, "joint_prec": 0.04951944146594508, "joint_recall": 0.11452772547740174}