{"em": 0.5446320054017556, "f1": 0.6839018210021534, "prec": 0.7176702553204908, "recall": 0.6937314154447853, "sp_em": 0.44672518568534775, "sp_f1": 0.8207028810337667, "sp_prec": 0.8240802546542024, "sp_recall": 0.8541915050963056, "joint_em": 0.262660364618501, "joint_f1": 0.5773950643736996, "joint_prec": 0.6071419872047803, "joint_recall": 0.6085013395774691}