{"em": 0.5531397704253882, "f1": 0.6942213127447284, "prec": 0.7283609019834534, "recall": 0.7033579951247869, "sp_em": 0.4679270762997974, "sp_f1": 0.8281511069019784, "sp_prec": 0.8389601620526771, "sp_recall": 0.8523603742644996, "joint_em": 0.275489534098582, "joint_f1": 0.5916967835738351, "joint_prec": 0.6280373793061156, "joint_recall": 0.615323905111964}