{"em": 0.5222147197839297, "f1": 0.6652650945157673, "prec": 0.701073271390624, "recall": 0.6736121772668024, "sp_em": 0.41944632005401755, "sp_f1": 0.8043057422733567, "sp_prec": 0.8151024082827023, "sp_recall": 0.8315049355326251, "joint_em": 0.23781228899392304, "joint_f1": 0.5531518379148368, "joint_prec": 0.5890392029757288, "joint_recall": 0.578090261502818}