{"em": 0.04659014179608373, "f1": 0.11345482436740623, "prec": 0.10928728035412696, "recall": 0.15178417950869008, "sp_em": 0.012288993923024983, "sp_f1": 0.4637378208896992, "sp_prec": 0.3513551429981875, "sp_recall": 0.7771780650139869, "joint_em": 0.0005401755570560432, "joint_f1": 0.0568682095345822, "joint_prec": 0.042945014195268895, "joint_recall": 0.12850987428806449}