{
    "em": 0.5471978392977718,
    "f1": 0.6872077067433976,
    "prec": 0.7204103747554104,
    "recall": 0.6971195750382111,
    "sp_em": 0.4646860229574612,
    "sp_f1": 0.8226272467123495,
    "sp_prec": 0.8334841323430208,
    "sp_recall": 0.8459047940580763,
    "joint_em": 0.27508440243079,
    "joint_f1": 0.582520534278089,
    "joint_prec": 0.6170618588091554,
    "joint_recall": 0.6068920314499288
}