{"em": 0.04307900067521945, "f1": 0.10128032773740275, "prec": 0.10204980404845367, "recall": 0.1287209900116521, "sp_em": 0.008507765023632681, "sp_f1": 0.43601440370037187, "sp_prec": 0.32254462218208346, "sp_recall": 0.7761181312497997, "joint_em": 0.0005401755570560432, "joint_f1": 0.050221949097498074, "joint_prec": 0.03843785135869432, "joint_recall": 0.11151002556908729}