{"em": 0.548953409858204, "f1": 0.6886142224544998, "prec": 0.723852033254463, "recall": 0.6963023406558185, "sp_em": 0.4559081701553005, "sp_f1": 0.8252371598691932, "sp_prec": 0.8261039837947428, "sp_recall": 0.8589476222629568, "joint_em": 0.2677920324105334, "joint_f1": 0.5840602711365699, "joint_prec": 0.6145190037536405, "joint_recall": 0.6130661093351824}