{"em": 0.5524645509790682, "f1": 0.6936247837226525, "prec": 0.7288649901377777, "recall": 0.700772176094594, "sp_em": 0.45428764348413236, "sp_f1": 0.8259387682615518, "sp_prec": 0.8241796083727329, "sp_recall": 0.8615735828430028, "joint_em": 0.2673869007427414, "joint_f1": 0.5883565689110709, "joint_prec": 0.6163465033166217, "joint_recall": 0.6184492352247235}