{"em": 0.15395003376097233, "f1": 0.2340941038392979, "prec": 0.23579985360876604, "recall": 0.267079139631469, "sp_em": 0.04550979068197164, "sp_f1": 0.5562606093733714, "sp_prec": 0.4941831988253332, "sp_recall": 0.7051086781775506, "joint_em": 0.01012829169480081, "joint_f1": 0.1416653671842802, "joint_prec": 0.12720173852955718, "joint_recall": 0.20686970927264645}