{"em": 0.36056718433490886, "f1": 0.49245637787770985, "prec": 0.5162730060096712, "recall": 0.5151439802975928, "sp_em": 0.15422012153950035, "sp_f1": 0.6757381601068437, "sp_prec": 0.637420125826606, "sp_recall": 0.7926624545834555, "joint_em": 0.054692775151924375, "joint_f1": 0.3456677486816878, "joint_prec": 0.3345979979528747, "joint_recall": 0.42913360787685445}