{"em": 0.5521944632005402, "f1": 0.6919638742072648, "prec": 0.7283658613874667, "recall": 0.6972896737694969, "sp_em": 0.4668467251856854, "sp_f1": 0.8208107017897963, "sp_prec": 0.8434551943667493, "sp_recall": 0.8335514935211132, "joint_em": 0.27805536799459823, "joint_f1": 0.58479474393167, "joint_prec": 0.6312705063711125, "joint_recall": 0.5969707973324537}