{"em": 0.06441593517893315, "f1": 0.1310998066280425, "prec": 0.12345125240128632, "recall": 0.17789408768139373, "sp_em": 0.034841323430114784, "sp_f1": 0.5209182976974978, "sp_prec": 0.45083159169587395, "sp_recall": 0.6821121507347029, "joint_em": 0.00337609723160027, "joint_f1": 0.07255379582182692, "joint_prec": 0.060732556757805034, "joint_recall": 0.1318996996326501}