{"em": 0.06049966239027684, "f1": 0.12410247600594969, "prec": 0.13423324406106305, "recall": 0.14257966244124262, "sp_em": 0.015935178933153275, "sp_f1": 0.43681328531574837, "sp_prec": 0.34004015749305055, "sp_recall": 0.7050922799909962, "joint_em": 0.0006752194463200541, "joint_f1": 0.06060653967055121, "joint_prec": 0.05120330764709292, "joint_recall": 0.10903972631015152}