{"em": 0.29439567859554355, "f1": 0.420577297471748, "prec": 0.4359327348321281, "recall": 0.45193184488255406, "sp_em": 0.12707629979743418, "sp_f1": 0.6396650877069583, "sp_prec": 0.6150725592960546, "sp_recall": 0.7457144464808215, "joint_em": 0.03713706954760297, "joint_f1": 0.2808902622177553, "joint_prec": 0.2738113099134143, "joint_recall": 0.3583076412296527}