{"em": 0.0005401755570560432, "f1": 0.03109856222516175, "prec": 0.027108914043417736, "recall": 0.05522362100349942, "sp_em": 0.030925050641458476, "sp_f1": 0.5371057631692219, "sp_prec": 0.44665088231597594, "sp_recall": 0.7790225394681853, "joint_em": 0.0, "joint_f1": 0.016550251013481364, "joint_prec": 0.012605191160510947, "joint_recall": 0.044372978779292055}