{"em": 0.0013504388926401081, "f1": 0.03028739888237353, "prec": 0.027714010050269366, "recall": 0.051518559333628526, "sp_em": 0.0001350438892640108, "sp_f1": 0.2959470192222877, "sp_prec": 0.178190683772331, "sp_recall": 0.9929619626378572, "joint_em": 0.0, "joint_f1": 0.00853772051957817, "joint_prec": 0.005210443162881311, "joint_recall": 0.051330998376317404}