{"em": 0.5405806887238352, "f1": 0.6805343469904531, "prec": 0.7163010622058559, "recall": 0.6876304521122217, "sp_em": 0.4353814989871708, "sp_f1": 0.8157348053702136, "sp_prec": 0.8144924600495249, "sp_recall": 0.8523693771904505, "joint_em": 0.2526671168129642, "joint_f1": 0.5712026556780857, "joint_prec": 0.5992615460913873, "joint_recall": 0.6018955899490983}