{"em": 0.5561107359891965, "f1": 0.6986732453131195, "prec": 0.7340417726170585, "recall": 0.7068812248397786, "sp_em": 0.5008777852802161, "sp_f1": 0.8341593323025056, "sp_prec": 0.8613977042538912, "sp_recall": 0.8412887045432692, "joint_em": 0.29642133693450373, "joint_f1": 0.5984467597806351, "joint_prec": 0.6482052902083277, "joint_recall": 0.6101230079647463}