{"em": 0.5986495611073599, "f1": 0.7362156446650483, "prec": 0.765874857005849, "recall": 0.7461160893075945, "sp_em": 0.05766374071573261, "sp_f1": 0.5513444129581843, "sp_prec": 0.49103421111861445, "sp_recall": 0.7043517893315323, "joint_em": 0.03457123565158676, "joint_f1": 0.4118155398088418, "joint_prec": 0.38029078506458763, "joint_recall": 0.5323273346356497}