{"em": 0.587575962187711, "f1": 0.7253326456392585, "prec": 0.756630732160779, "recall": 0.7329876489880671, "sp_em": 0.05185685347738015, "sp_f1": 0.5508795323515063, "sp_prec": 0.48220116180615913, "sp_recall": 0.7184764155493393, "joint_em": 0.030519918973666443, "joint_f1": 0.40677266260939093, "joint_prec": 0.36988054354428535, "joint_recall": 0.5357510039465571}