{"em": 0.5642133693450372, "f1": 0.7047836491637184, "prec": 0.7394728798847627, "recall": 0.7118352193785132, "sp_em": 0.04213369345037137, "sp_f1": 0.5464446349658977, "sp_prec": 0.470739204527188, "sp_recall": 0.7284235233593784, "joint_em": 0.024442943956785954, "joint_f1": 0.39273673803553705, "joint_prec": 0.3534692466735026, "joint_recall": 0.5259937884146958}