{"em": 0.028089128966914248, "f1": 0.09686815858227277, "prec": 0.08429045858485422, "recall": 0.14552672162673366, "sp_em": 0.08440243079000675, "sp_f1": 0.545492885837255, "sp_prec": 0.5554249059515749, "sp_recall": 0.5987727082730465, "joint_em": 0.004726536124240378, "joint_f1": 0.06014916801003904, "joint_prec": 0.05312845888824952, "joint_recall": 0.10122489283807143}