{"em": 0.01012829169480081, "f1": 0.05630134034204376, "prec": 0.07224016061963397, "recall": 0.06712364423032877, "sp_em": 0.005671843349088454, "sp_f1": 0.41986238617297206, "sp_prec": 0.30329928526016625, "sp_recall": 0.7913840390984221, "joint_em": 0.0001350438892640108, "joint_f1": 0.026454057764599075, "joint_prec": 0.023187155302853393, "joint_recall": 0.056809399243565296}