{"em": 0.019851451721809587, "f1": 0.08169198447972076, "prec": 0.10234225299046376, "recall": 0.08131723115736297, "sp_em": 0.044699527346387574, "sp_f1": 0.5474735782635827, "sp_prec": 0.4899149545030713, "sp_recall": 0.6919573325616538, "joint_em": 0.0016205266711681297, "joint_f1": 0.051303659211358814, "joint_prec": 0.055957860836490105, "joint_recall": 0.06331917281722663}