{"em": 0.10060769750168805, "f1": 0.1604532828744878, "prec": 0.15696276976830661, "recall": 0.18072905731075897, "sp_em": 0.07467927076299798, "sp_f1": 0.5749317326832577, "sp_prec": 0.5449178483006947, "sp_recall": 0.6786363782515026, "joint_em": 0.011343686698176907, "joint_f1": 0.10391960186284162, "joint_prec": 0.0973708772596346, "joint_recall": 0.13725464984411617}