{"em": 0.07400405131667792, "f1": 0.1399095935923882, "prec": 0.13318491209443287, "recall": 0.17165394924679211, "sp_em": 0.09466576637407158, "sp_f1": 0.5577123311829665, "sp_prec": 0.5755175074756407, "sp_recall": 0.6067472107006215, "joint_em": 0.011883862255232951, "joint_f1": 0.08916253577143755, "joint_prec": 0.08690198112463458, "joint_recall": 0.11955321624632902}