{"em": 0.5496286293045239, "f1": 0.6916651747100209, "prec": 0.7242880133595856, "recall": 0.7004533906711493, "sp_em": 0.461985145172181, "sp_f1": 0.8250000685787584, "sp_prec": 0.8326147069226174, "sp_recall": 0.85320938233498, "joint_em": 0.2714382174206617, "joint_f1": 0.5870133401778826, "joint_prec": 0.6204402771310255, "joint_recall": 0.6131144967269184}