{"em": 0.04037812288993923, "f1": 0.10997605555177874, "prec": 0.14485621925527395, "recall": 0.10176339100476213, "sp_em": 0.04321404456448346, "sp_f1": 0.48029961248243186, "sp_prec": 0.4097663459676261, "sp_recall": 0.6781815697244458, "joint_em": 0.0027008777852802163, "joint_f1": 0.0637232093561994, "joint_prec": 0.06911492673591427, "joint_recall": 0.0781990061810931}