{"em": 0.08804861580013504, "f1": 0.15570255684031153, "prec": 0.15357200043560626, "recall": 0.18084838992502758, "sp_em": 0.038892640108035115, "sp_f1": 0.49179915395932483, "sp_prec": 0.4136110339661603, "sp_recall": 0.7092860358187836, "joint_em": 0.0036461850101282916, "joint_f1": 0.08478745925974696, "joint_prec": 0.07236634516072198, "joint_recall": 0.14051098284639799}