{"em": 0.0031060094530722484, "f1": 0.047702269659256426, "prec": 0.038374756011487855, "recall": 0.08897829269537587, "sp_em": 0.0001350438892640108, "sp_f1": 0.2945507743952734, "sp_prec": 0.17748335729896642, "sp_recall": 0.9842548471110254, "joint_em": 0.0, "joint_f1": 0.012453727433763256, "joint_prec": 0.0071575987086982895, "joint_recall": 0.08809219627248}