{"em": 0.027683997299122215, "f1": 0.08936948636236315, "prec": 0.10271557199646321, "recall": 0.10089633788823528, "sp_em": 0.0002700877785280216, "sp_f1": 0.3592680004032858, "sp_prec": 0.23018231981696397, "sp_recall": 0.9368301662325992, "joint_em": 0.0001350438892640108, "joint_f1": 0.03554029255183958, "joint_prec": 0.025164216393414752, "joint_recall": 0.0975854266147987}