{"em": 0.10735989196488858, "f1": 0.17716109050805684, "prec": 0.17524804964710425, "recall": 0.2039913076645013, "sp_em": 0.11613774476704929, "sp_f1": 0.5789126725926251, "sp_prec": 0.5908218385260905, "sp_recall": 0.6346585318800042, "joint_em": 0.01728561782579338, "joint_f1": 0.1124471416455425, "joint_prec": 0.1153486951940696, "joint_recall": 0.14042126609479746}