{"em": 0.5415259959486833, "f1": 0.6846624992400929, "prec": 0.7189420760048703, "recall": 0.6948460877782285, "sp_em": 0.4218771100607698, "sp_f1": 0.803558922883731, "sp_prec": 0.8251905083437935, "sp_recall": 0.8234580881643737, "joint_em": 0.24429439567859554, "joint_f1": 0.5653191888546255, "joint_prec": 0.6080750981144267, "joint_recall": 0.5873932045147424}