{"em": 0.5431465226198514, "f1": 0.6814864160125738, "prec": 0.7149597675188487, "recall": 0.6904144461960134, "sp_em": 0.4588791357191087, "sp_f1": 0.8207968466375223, "sp_prec": 0.8339207742516412, "sp_recall": 0.8428934760940233, "joint_em": 0.26792707629979745, "joint_f1": 0.5765897693958942, "joint_prec": 0.6132911709667256, "joint_recall": 0.5987305950108086}