{"em": 0.5312626603646186, "f1": 0.6721184015169843, "prec": 0.7090697842183313, "recall": 0.680099689679366, "sp_em": 0.4239027683997299, "sp_f1": 0.8094500128126325, "sp_prec": 0.8115465740651526, "sp_recall": 0.8443130445966434, "joint_em": 0.24294395678595543, "joint_f1": 0.5600849569146125, "joint_prec": 0.5903006665353018, "joint_recall": 0.5908463825231189}