{"em": 0.05010128291694801, "f1": 0.12340884215135453, "prec": 0.11239452272538039, "recall": 0.17656363558724855, "sp_em": 0.03241053342336259, "sp_f1": 0.452115407502236, "sp_prec": 0.3819147495523266, "sp_recall": 0.6421724381852668, "joint_em": 0.0031060094530722484, "joint_f1": 0.059588392854488456, "joint_prec": 0.04772972880857533, "joint_recall": 0.12415981585307745}