{"em": 0.2887238352464551, "f1": 0.405878328424618, "prec": 0.4213959421927019, "recall": 0.43252484011599474, "sp_em": 0.14814314652261984, "sp_f1": 0.570291688954755, "sp_prec": 0.6328902607633186, "sp_recall": 0.5829722516960882, "joint_em": 0.049696151249155975, "joint_f1": 0.2553832158088116, "joint_prec": 0.2866094702324572, "joint_recall": 0.28178770569216177}