{"em": 0.031465226198514516, "f1": 0.08432659814917313, "prec": 0.08649132284176174, "recall": 0.10875570827560742, "sp_em": 0.023092505064145848, "sp_f1": 0.4268556396689983, "sp_prec": 0.34968626527665847, "sp_recall": 0.6413096041927902, "joint_em": 0.0012153950033760973, "joint_f1": 0.04126175200365295, "joint_prec": 0.035597489018266676, "joint_recall": 0.0775149572230737}