{"em": 0.21512491559756922, "f1": 0.3067720656860734, "prec": 0.3132174056718283, "recall": 0.33576123160356736, "sp_em": 0.13166779203241052, "sp_f1": 0.5868157703201649, "sp_prec": 0.6213136233561607, "sp_recall": 0.6256856692710847, "joint_em": 0.03200540175557056, "joint_f1": 0.19376145083658913, "joint_prec": 0.20278112568242346, "joint_recall": 0.23148990848349346}