{"em": 0.525050641458474, "f1": 0.6620506968655989, "prec": 0.6993491421175408, "recall": 0.6691448942309851, "sp_em": 0.41688048615800133, "sp_f1": 0.8052933599524013, "sp_prec": 0.8049918009067338, "sp_recall": 0.8430510272981642, "joint_em": 0.23524645509790681, "joint_f1": 0.5495506643933508, "joint_prec": 0.5783784649912703, "joint_recall": 0.5803883232267746}