{"em": 0.08413234301147873, "f1": 0.15546742920027096, "prec": 0.15038727758849288, "recall": 0.19737922498388397, "sp_em": 0.09020931802835921, "sp_f1": 0.5149038080233266, "sp_prec": 0.5584510680256769, "sp_recall": 0.5409396803961293, "joint_em": 0.012964213369345038, "joint_f1": 0.09090586267345589, "joint_prec": 0.09433328536748019, "joint_recall": 0.12275822653101508}