{"em": 0.5590817015530047, "f1": 0.6992163199274123, "prec": 0.73107581067743, "recall": 0.7093019854880885, "sp_em": 0.4804861580013504, "sp_f1": 0.8317893705064798, "sp_prec": 0.8380682293173952, "sp_recall": 0.8577946046750979, "joint_em": 0.288048615800135, "joint_f1": 0.5977436761178095, "joint_prec": 0.630694557305799, "joint_recall": 0.6229784119013463}