{"em": 0.2575286968264686, "f1": 0.38628177950892134, "prec": 0.39417933180931186, "recall": 0.42690893471447167, "sp_em": 0.15057393652937204, "sp_f1": 0.6530792712426832, "sp_prec": 0.6512211825986303, "sp_recall": 0.731351725024921, "joint_em": 0.03916272788656313, "joint_f1": 0.26477575308267787, "joint_prec": 0.26034971466251083, "joint_recall": 0.33537295437700587}