{"em": 0.006617150573936529, "f1": 0.043382023732751136, "prec": 0.0528043481014446, "recall": 0.056127060086030495, "sp_em": 0.0006752194463200541, "sp_f1": 0.3650439701391891, "sp_prec": 0.23977141615566452, "sp_recall": 0.8864430404167093, "joint_em": 0.0, "joint_f1": 0.01784646339603096, "joint_prec": 0.013724664352141584, "joint_recall": 0.052179535319802184}