{"em": 0.13153274814314653, "f1": 0.22207234740519063, "prec": 0.22125465539037414, "recall": 0.2606672683585144, "sp_em": 0.1200540175557056, "sp_f1": 0.5916593055080637, "sp_prec": 0.6038490723770923, "sp_recall": 0.6488394263850039, "joint_em": 0.019311276164753546, "joint_f1": 0.14531873365222067, "joint_prec": 0.14383661994094069, "joint_recall": 0.1940749900976}