{"em": 0.04415935178933153, "f1": 0.12265072127168411, "prec": 0.15727110611648096, "recall": 0.11618867421872166, "sp_em": 0.09588116137744768, "sp_f1": 0.5729388414871268, "sp_prec": 0.5606359924118157, "sp_recall": 0.6527214559017389, "joint_em": 0.00675219446320054, "joint_f1": 0.08200169956375203, "joint_prec": 0.0993882701438405, "joint_recall": 0.08725878789602616}