{"em": 0.3239702903443619, "f1": 0.47284078370904586, "prec": 0.48028058332244816, "recall": 0.5191330192427426, "sp_em": 0.15921674544226874, "sp_f1": 0.6624381343017518, "sp_prec": 0.6446119631737459, "sp_recall": 0.7576245136812336, "joint_em": 0.05266711681296422, "joint_f1": 0.32380095175133816, "joint_prec": 0.31847034619507436, "joint_recall": 0.407575251198647}