{"em": 0.5484132343011479, "f1": 0.6895636038491834, "prec": 0.7246816234257144, "recall": 0.6972777595650654, "sp_em": 0.43902768399729913, "sp_f1": 0.8197343259936378, "sp_prec": 0.8229346323269439, "sp_recall": 0.8546776630976558, "joint_em": 0.25644834571235653, "joint_f1": 0.5810518928049425, "joint_prec": 0.6132685750616184, "joint_recall": 0.6104629243327739}