{"em": 0.5450371370695476, "f1": 0.6876083005037623, "prec": 0.7219010961279697, "recall": 0.696745096057465, "sp_em": 0.45469277515192436, "sp_f1": 0.8244236669625199, "sp_prec": 0.8231153339121032, "sp_recall": 0.860735828429961, "joint_em": 0.2665766374071573, "joint_f1": 0.5834892604138221, "joint_prec": 0.6118316292080611, "joint_recall": 0.6154249945656869}