{"em": 0.02039162727886563, "f1": 0.062318100271712355, "prec": 0.06813284547248083, "recall": 0.07741098218309565, "sp_em": 0.03024983119513842, "sp_f1": 0.45542540913003066, "sp_prec": 0.38588061310200755, "sp_recall": 0.6461785794668987, "joint_em": 0.0006752194463200541, "joint_f1": 0.033812276005603686, "joint_prec": 0.03030649888749914, "joint_recall": 0.06065623906440924}