{"em": 0.31573261309925726, "f1": 0.44786135720509374, "prec": 0.4552009799038843, "recall": 0.4875432761776449, "sp_em": 0.1401755570560432, "sp_f1": 0.6576733814613719, "sp_prec": 0.6289016430339854, "sp_recall": 0.7721743673836873, "joint_em": 0.042673869007427416, "joint_f1": 0.3057895178460266, "joint_prec": 0.2926407535772595, "joint_recall": 0.3964948827524783}