{"em": 0.1099257258609048, "f1": 0.18154409522563397, "prec": 0.17819871890432323, "recall": 0.21118076705348823, "sp_em": 0.0849426063470628, "sp_f1": 0.5764141223020379, "sp_prec": 0.5578225780521513, "sp_recall": 0.6717070190669105, "joint_em": 0.013234301147873058, "joint_f1": 0.11492122199237095, "joint_prec": 0.1086993478755076, "joint_recall": 0.15704535979687909}