{"em": 0.22565833896016205, "f1": 0.3525391095241155, "prec": 0.35114731281172884, "recall": 0.4044425403540864, "sp_em": 0.13031735313977041, "sp_f1": 0.6537265900128938, "sp_prec": 0.6255012164667786, "sp_recall": 0.7662756824539432, "joint_em": 0.02822417285617826, "joint_f1": 0.23769520086896995, "joint_prec": 0.22277779195214328, "joint_recall": 0.3264710585760549}