{"em": 0.06036461850101283, "f1": 0.13478590726073872, "prec": 0.1311951627785527, "recall": 0.17240251858445085, "sp_em": 0.07116812964213369, "sp_f1": 0.5751518659148664, "sp_prec": 0.5312487808537756, "sp_recall": 0.6959535063181241, "joint_em": 0.005941931127616476, "joint_f1": 0.08631620018398237, "joint_prec": 0.07811216828090073, "joint_recall": 0.13412864741473168}