{"em": 0.0012153950033760973, "f1": 0.03041862216978602, "prec": 0.02562976673712663, "recall": 0.054716825543373496, "sp_em": 0.0001350438892640108, "sp_f1": 0.2959470192222877, "sp_prec": 0.178190683772331, "sp_recall": 0.9929619626378572, "joint_em": 0.0, "joint_f1": 0.008017503263941152, "joint_prec": 0.004743165253301831, "joint_recall": 0.05453664523152539}