{"em": 0.0027008777852802163, "f1": 0.03503713716409299, "prec": 0.032830328947817095, "recall": 0.060685084654481226, "sp_em": 0.022417285617825793, "sp_f1": 0.45239184687117806, "sp_prec": 0.3521269092298809, "sp_recall": 0.7591071026655106, "joint_em": 0.0, "joint_f1": 0.016085064503283057, "joint_prec": 0.0121975779697056, "joint_recall": 0.048960806794146695}