{"em": 0.5690749493585415, "f1": 0.7061942237415805, "prec": 0.738754473075877, "recall": 0.714173867301226, "sp_em": 0.4757596218771101, "sp_f1": 0.8270863115427873, "sp_prec": 0.8412510851741194, "sp_recall": 0.8483429793254295, "joint_em": 0.287103308575287, "joint_f1": 0.6009377384607141, "joint_prec": 0.6365359395524814, "joint_recall": 0.6234558350396401}