{"em": 0.6, "f1": 0.7396121550992172, "prec": 0.7698351164927798, "recall": 0.7498466386565653, "sp_em": 0.49858203916272786, "sp_f1": 0.8421062904385272, "sp_prec": 0.8488154721713246, "sp_recall": 0.8697324844860347, "joint_em": 0.3147873058744092, "joint_f1": 0.6387650001556392, "joint_prec": 0.6666216363974646, "joint_recall": 0.6693417350336679}