{"em": 0.5908170155300473, "f1": 0.7280302424539168, "prec": 0.7599555501142268, "recall": 0.7354468269745125, "sp_em": 0.49561107359891965, "sp_f1": 0.8385846601444464, "sp_prec": 0.8500303848750959, "sp_recall": 0.8615144207581801, "joint_em": 0.31222147197839295, "joint_f1": 0.6279029850602406, "joint_prec": 0.6629485435788623, "joint_recall": 0.6506150570176572}