{"em": 0.537069547602971, "f1": 0.6793230323693452, "prec": 0.7147179634080371, "recall": 0.6878247847508486, "sp_em": 0.024577987846049965, "sp_f1": 0.5226172218508341, "sp_prec": 0.4155130363671929, "sp_recall": 0.7781547217131299, "joint_em": 0.01350438892640108, "joint_f1": 0.3637859672891079, "joint_prec": 0.3020208889049952, "joint_recall": 0.5446492858368254}