{"em": 0.30047265361242403, "f1": 0.4415277182469972, "prec": 0.4460271711183263, "recall": 0.488155817473846, "sp_em": 0.08332207967589467, "sp_f1": 0.5611555166333716, "sp_prec": 0.48857728150418844, "sp_recall": 0.771637407157329, "joint_em": 0.022822417285617826, "joint_f1": 0.25788248061875924, "joint_prec": 0.22282984213581294, "joint_recall": 0.4035605715838662}