{"em": 0.07440918298446995, "f1": 0.16362797011126173, "prec": 0.15042379107875414, "recall": 0.22151313425114888, "sp_em": 0.11087103308575287, "sp_f1": 0.5970154520998642, "sp_prec": 0.5906085013343589, "sp_recall": 0.6690154657406503, "joint_em": 0.013639432815665091, "joint_f1": 0.10797169232110532, "joint_prec": 0.09959425216845362, "joint_recall": 0.1671417968894335}