{"em": 0.04645509790681972, "f1": 0.10993490729436181, "prec": 0.1343158967973284, "recall": 0.10924121855954493, "sp_em": 0.0925050641458474, "sp_f1": 0.4709076099082881, "sp_prec": 0.5397797498472692, "sp_recall": 0.46938313880582766, "joint_em": 0.006482106684672519, "joint_f1": 0.06316743217837593, "joint_prec": 0.08607889124904651, "joint_recall": 0.06391826123019281}