{"em": 0.2187711006076975, "f1": 0.34565189215911585, "prec": 0.35067020457972536, "recall": 0.38937972935609677, "sp_em": 0.14476704929101958, "sp_f1": 0.6375334313821919, "sp_prec": 0.6378044114337149, "sp_recall": 0.705548053117263, "joint_em": 0.03200540175557056, "joint_f1": 0.22962338299535823, "joint_prec": 0.22953061981657538, "joint_recall": 0.2936409797719726}