{"em": 0.010938555030384874, "f1": 0.052130172779223764, "prec": 0.056398823623671615, "recall": 0.06740201242226893, "sp_em": 0.016205266711681297, "sp_f1": 0.4185696519830842, "sp_prec": 0.3379012399161709, "sp_recall": 0.64676216198836, "joint_em": 0.0001350438892640108, "joint_f1": 0.0251652501140522, "joint_prec": 0.02196976285529302, "joint_recall": 0.04982151635595254}