{"em": 0.5539500337609723, "f1": 0.6937666237483946, "prec": 0.7256902385632966, "recall": 0.7040428229562169, "sp_em": 0.47711006076975015, "sp_f1": 0.824964918793439, "sp_prec": 0.8456448345712434, "sp_recall": 0.8404784412076838, "joint_em": 0.2831870357866307, "joint_f1": 0.5899218924092365, "joint_prec": 0.6301091711449568, "joint_recall": 0.609743425327309}