{
    "em": 0.28764348413234303,
    "f1": 0.40704629432543143,
    "prec": 0.4262646746306445,
    "recall": 0.43216653535525923,
    "sp_em": 0.137204591492235,
    "sp_f1": 0.6271751813345422,
    "sp_prec": 0.6207561921910311,
    "sp_recall": 0.7103120478441214,
    "joint_em": 0.04334908845374747,
    "joint_f1": 0.26894932376469977,
    "joint_prec": 0.2757978788286029,
    "joint_recall": 0.32580283191187925
}