{"em": 0.0006752194463200541, "f1": 0.03186589179608342, "prec": 0.02751604198937077, "recall": 0.05612521097328655, "sp_em": 0.0001350438892640108, "sp_f1": 0.2959470192222877, "sp_prec": 0.178190683772331, "sp_recall": 0.9929619626378572, "joint_em": 0.0, "joint_f1": 0.00865537296667158, "joint_prec": 0.00516622330936808, "joint_recall": 0.05584455157716462}