{"em": 0.5451721809588116, "f1": 0.6857986003217721, "prec": 0.7235736643130289, "recall": 0.6918543672172976, "sp_em": 0.4660364618501013, "sp_f1": 0.8232776009346162, "sp_prec": 0.8388119353075555, "sp_recall": 0.8424401144657799, "joint_em": 0.27211343686698175, "joint_f1": 0.5810404307198752, "joint_prec": 0.6234379364352335, "joint_recall": 0.5989681622801108}