{"em": 0.059554355165428764, "f1": 0.11881856858029088, "prec": 0.12222810312952123, "recall": 0.1436364871486214, "sp_em": 0.041188386225523295, "sp_f1": 0.45974498755052684, "sp_prec": 0.45075812138945365, "sp_recall": 0.5475460596122314, "joint_em": 0.002970965563808238, "joint_f1": 0.05965706907047535, "joint_prec": 0.06183307666899823, "joint_recall": 0.08543573018182775}