{"em": 0.5474679270762998, "f1": 0.688379878059257, "prec": 0.7249550048570973, "recall": 0.6944351865030467, "sp_em": 0.48170155300472656, "sp_f1": 0.8280232828916408, "sp_prec": 0.846837722259743, "sp_recall": 0.8425983087360602, "joint_em": 0.2839972991222147, "joint_f1": 0.5872953409169339, "joint_prec": 0.6320259511289203, "joint_recall": 0.6015357001390053}