{"em": 0.03862255232950709, "f1": 0.09875313026860053, "prec": 0.10097548449000159, "recall": 0.12993069950531133, "sp_em": 0.017420661715057392, "sp_f1": 0.44623232801377, "sp_prec": 0.3446207134028564, "sp_recall": 0.7312726278897785, "joint_em": 0.0008102633355840649, "joint_f1": 0.049160594030470496, "joint_prec": 0.03964489009058482, "joint_recall": 0.1054200567232301}