{"em": 0.5521944632005402, "f1": 0.692035930120523, "prec": 0.7268140453589464, "recall": 0.6991524922298054, "sp_em": 0.48318703578663064, "sp_f1": 0.8314026441710712, "sp_prec": 0.8441773576412424, "sp_recall": 0.8514272852962993, "joint_em": 0.28575286968264685, "joint_f1": 0.5919105637046459, "joint_prec": 0.6311038790029324, "joint_recall": 0.6111803542944638}