{"em": 0.032545577312626604, "f1": 0.08321704746111477, "prec": 0.08840852822621903, "recall": 0.10281226054620429, "sp_em": 0.04415935178933153, "sp_f1": 0.5142063248477873, "sp_prec": 0.4717407800392286, "sp_recall": 0.6336326806212017, "joint_em": 0.0027008777852802163, "joint_f1": 0.04910310417909743, "joint_prec": 0.04805749600263436, "joint_recall": 0.07562091083881808}