{
    "em": 0.5709655638082377,
    "f1": 0.7133100933705764,
    "prec": 0.7462245620685857,
    "recall": 0.7232963645803746,
    "sp_em": 0.4665766374071573,
    "sp_f1": 0.8269639483481771,
    "sp_prec": 0.8344030738561564,
    "sp_recall": 0.8547853766759974,
    "joint_em": 0.287508440243079,
    "joint_f1": 0.6061422875445923,
    "joint_prec": 0.6384629198920199,
    "joint_recall": 0.6339873776773618
}