{"em": 0.05050641458474004, "f1": 0.10606640333971208, "prec": 0.10816254943196218, "recall": 0.13048913896075995, "sp_em": 0.023902768399729914, "sp_f1": 0.441119409589267, "sp_prec": 0.36078013196730935, "sp_recall": 0.671839651458152, "joint_em": 0.0016205266711681297, "joint_f1": 0.052837102695879046, "joint_prec": 0.045001327983699005, "joint_recall": 0.09592697237799908}