{"em": 0.5324780553679946, "f1": 0.6729810014741797, "prec": 0.7077924944737902, "recall": 0.6816199632388025, "sp_em": 0.4198514517218096, "sp_f1": 0.8083232732456503, "sp_prec": 0.8155683097006626, "sp_recall": 0.8392415034886395, "joint_em": 0.24159351789331532, "joint_f1": 0.5610195693274386, "joint_prec": 0.5935666928165209, "joint_recall": 0.5891854944827568}