{"em": 0.5266711681296421, "f1": 0.6662386059182314, "prec": 0.69925590614652, "recall": 0.6761213010487157, "sp_em": 0.4511816340310601, "sp_f1": 0.8113079185800574, "sp_prec": 0.8331217645734955, "sp_recall": 0.8255443554869677, "joint_em": 0.25631330182309253, "joint_f1": 0.5586850485721131, "joint_prec": 0.6007264283656888, "joint_recall": 0.5763403104010769}