{"em": 0.550573936529372, "f1": 0.691599710730632, "prec": 0.7262437701093997, "recall": 0.6988977990649164, "sp_em": 0.4715732613099257, "sp_f1": 0.8285405711401933, "sp_prec": 0.8397681746567724, "sp_recall": 0.8509626700106174, "joint_em": 0.2785955435516543, "joint_f1": 0.5890410967255536, "joint_prec": 0.626815032555409, "joint_recall": 0.6100699810855095}