{"em": 0.06320054017555705, "f1": 0.12099848120821691, "prec": 0.1216021655589515, "recall": 0.14431994743946136, "sp_em": 0.0010803511141120863, "sp_f1": 0.3940256556125274, "sp_prec": 0.26253966589610966, "sp_recall": 0.9067499437317155, "joint_em": 0.0001350438892640108, "joint_f1": 0.050959680729996966, "joint_prec": 0.03504703583598302, "joint_recall": 0.13553017111930002}