{"em": 0.052261985145172184, "f1": 0.12364162670392428, "prec": 0.12368990788639693, "recall": 0.16196738253119095, "sp_em": 0.01512491559756921, "sp_f1": 0.42586559809037167, "sp_prec": 0.3389143750419868, "sp_recall": 0.6635902382560032, "joint_em": 0.0009453072248480756, "joint_f1": 0.05825126773043329, "joint_prec": 0.04764683466350771, "joint_recall": 0.11956037154382858}