{"em": 0.550438892640108, "f1": 0.6904133821327593, "prec": 0.7255926675170423, "recall": 0.698553573555262, "sp_em": 0.4659014179608373, "sp_f1": 0.8236147916904429, "sp_prec": 0.8327638982669451, "sp_recall": 0.8480116394971293, "joint_em": 0.27170830519918976, "joint_f1": 0.5845307437691457, "joint_prec": 0.6193041491169424, "joint_recall": 0.60902368937362}