{"em": 0.0027008777852802163, "f1": 0.061911991279000246, "prec": 0.05175939822800039, "recall": 0.11905203043901079, "sp_em": 0.018771100607697502, "sp_f1": 0.3243433967700928, "sp_prec": 0.3143290771270578, "sp_recall": 0.4285613002797351, "joint_em": 0.0, "joint_f1": 0.022727262018413144, "joint_prec": 0.01823840156469621, "joint_recall": 0.05843938681295194}