{"em": 0.3114112086428089, "f1": 0.4541821198284589, "prec": 0.45792094506139164, "recall": 0.5005166434960492, "sp_em": 0.17650236326806212, "sp_f1": 0.6504316337874857, "sp_prec": 0.6521463404177797, "sp_recall": 0.7225928426738698, "joint_em": 0.05712356515867657, "joint_f1": 0.31149334219302016, "joint_prec": 0.3079735995626082, "joint_recall": 0.38775929955707067}