{"em": 0.25158676569885213, "f1": 0.37766770215737955, "prec": 0.3848361399272954, "recall": 0.41634172414726106, "sp_em": 0.1611073598919649, "sp_f1": 0.6499890333989022, "sp_prec": 0.6461261695765407, "sp_recall": 0.7281780328606813, "joint_em": 0.04213369345037137, "joint_f1": 0.258345364310653, "joint_prec": 0.2538184540157874, "joint_recall": 0.3270745242453541}