{"em": 0.08953409858203916, "f1": 0.17060132904020253, "prec": 0.16316312466886393, "recall": 0.21649843822134007, "sp_em": 0.12316002700877786, "sp_f1": 0.5998995647611522, "sp_prec": 0.5999778142181896, "sp_recall": 0.6679802900228287, "joint_em": 0.012694125590817016, "joint_f1": 0.11341076656551313, "joint_prec": 0.10768574610674514, "joint_recall": 0.16707750809986974}