{"em": 0.039837947332883185, "f1": 0.1153243612355597, "prec": 0.15263399366032723, "recall": 0.11086335095619379, "sp_em": 0.06819716407832546, "sp_f1": 0.5712671910578762, "sp_prec": 0.5306424230732117, "sp_recall": 0.6856427446062819, "joint_em": 0.004726536124240378, "joint_f1": 0.07603964702310428, "joint_prec": 0.09060110420002365, "joint_recall": 0.08559511976881998}