{"em": 0.55016880486158, "f1": 0.6904520647385205, "prec": 0.7244453936790191, "recall": 0.699356404530274, "sp_em": 0.4549628629304524, "sp_f1": 0.8228031695216304, "sp_prec": 0.832504421079719, "sp_recall": 0.850113018873999, "joint_em": 0.26684672518568536, "joint_f1": 0.5845095183686385, "joint_prec": 0.6206856865469267, "joint_recall": 0.6095950234775325}