{"em": 0.5288318703578663, "f1": 0.6679291084669724, "prec": 0.7052957692019131, "recall": 0.674200140450389, "sp_em": 0.42552329507089803, "sp_f1": 0.8103060117915226, "sp_prec": 0.8111475515256833, "sp_recall": 0.8463724639079196, "joint_em": 0.2422687373396354, "joint_f1": 0.5583924135518404, "joint_prec": 0.5881366482131126, "joint_recall": 0.5879054254559752}