{
    "em": 0.2923700202565834,
    "f1": 0.4146765133269313,
    "prec": 0.4339628220080628,
    "recall": 0.4401902323424941,
    "sp_em": 0.13463875759621877,
    "sp_f1": 0.6295131067447161,
    "sp_prec": 0.6203897516692902,
    "sp_recall": 0.7165825857689475,
    "joint_em": 0.043619176232275486,
    "joint_f1": 0.2745971945682236,
    "joint_prec": 0.2803217062403438,
    "joint_recall": 0.3343828079040765
}