{"em": 0.5554355165428765, "f1": 0.6960635840235891, "prec": 0.72963624753969, "recall": 0.7052469795565681, "sp_em": 0.4738690074274139, "sp_f1": 0.8292206135825586, "sp_prec": 0.8410440178772484, "sp_recall": 0.8505176682421858, "joint_em": 0.28170155300472655, "joint_f1": 0.5931569616649803, "joint_prec": 0.6299399106782615, "joint_recall": 0.6150123476630882}