{"em": 0.5532748143146523, "f1": 0.6945822012375169, "prec": 0.7302655690771819, "recall": 0.7016646203597595, "sp_em": 0.4852126941255908, "sp_f1": 0.8311100880513692, "sp_prec": 0.8463470627954165, "sp_recall": 0.8476872126298252, "joint_em": 0.28696826468602293, "joint_f1": 0.5934973762603307, "joint_prec": 0.6356553128455543, "joint_recall": 0.6103080036538833}