{"em": 0.0537474679270763, "f1": 0.11660063845637443, "prec": 0.1266632197422205, "recall": 0.13501441449548854, "sp_em": 0.018771100607697502, "sp_f1": 0.4506518285873767, "sp_prec": 0.35799647767293824, "sp_recall": 0.6959520594193096, "joint_em": 0.001485482781904119, "joint_f1": 0.06102123043741009, "joint_prec": 0.0528255692445938, "joint_recall": 0.10585659485995105}