{"em": 0.5565158676569886, "f1": 0.6953906487861705, "prec": 0.7302183303229887, "recall": 0.7018529120740471, "sp_em": 0.4884537474679271, "sp_f1": 0.8316966812915766, "sp_prec": 0.8456226487894367, "sp_recall": 0.8499969454358451, "joint_em": 0.28953409858203916, "joint_f1": 0.5944586276762958, "joint_prec": 0.6342722676578163, "joint_recall": 0.6112913589961171}