{"em": 0.5569209993247806, "f1": 0.6955601378807746, "prec": 0.7303820502402534, "recall": 0.7029360331869569, "sp_em": 0.48818365968939903, "sp_f1": 0.8291327960808316, "sp_prec": 0.8556380823767811, "sp_recall": 0.837614546156079, "joint_em": 0.2881836596893991, "joint_f1": 0.5931739992008919, "joint_prec": 0.6416169160196833, "joint_recall": 0.6053297516112259}