{"em": 0.04686022957461175, "f1": 0.11282383311325511, "prec": 0.10469795603151448, "recall": 0.14957329076505327, "sp_em": 0.07711006076975017, "sp_f1": 0.5539422682501762, "sp_prec": 0.5490614449696124, "sp_recall": 0.6230224108549572, "joint_em": 0.005806887238352465, "joint_f1": 0.07165048929274148, "joint_prec": 0.06634946090871154, "joint_recall": 0.10875897697470943}