{"em": 0.09412559081701553, "f1": 0.14701396069871214, "prec": 0.1430509474770109, "recall": 0.16752717797619907, "sp_em": 0.0587440918298447, "sp_f1": 0.5510705589706302, "sp_prec": 0.53458666923893, "sp_recall": 0.6412334008552778, "joint_em": 0.006887238352464551, "joint_f1": 0.0892117557007935, "joint_prec": 0.08432357220642153, "joint_recall": 0.11755891000489227}