{"em": 0.09831195138419986, "f1": 0.1550997421986143, "prec": 0.15169242941018762, "recall": 0.17540190453255958, "sp_em": 0.04213369345037137, "sp_f1": 0.5588720162724168, "sp_prec": 0.4920571149909447, "sp_recall": 0.7281269091026026, "joint_em": 0.006076975016880486, "joint_f1": 0.094408503080828, "joint_prec": 0.08304650878953937, "joint_recall": 0.13682849667150807}