{"em": 0.00675219446320054, "f1": 0.05895913257172914, "prec": 0.051494989368048104, "recall": 0.10444976984417748, "sp_em": 0.08048615800135044, "sp_f1": 0.49989346537626056, "sp_prec": 0.5477846371499308, "sp_recall": 0.508703739429601, "joint_em": 0.0009453072248480756, "joint_f1": 0.03517284324759349, "joint_prec": 0.03155256624112131, "joint_recall": 0.06583816207182773}