{"em": 0.014449696151249155, "f1": 0.05807597402701307, "prec": 0.06876461448372313, "recall": 0.0732234528346058, "sp_em": 0.03173531397704254, "sp_f1": 0.5466072205234868, "sp_prec": 0.46526928394585654, "sp_recall": 0.72715652229832, "joint_em": 0.0004051316677920324, "joint_f1": 0.035692687037622864, "joint_prec": 0.03553867317513982, "joint_recall": 0.05998907177189936}