{"em": 0.5531397704253882, "f1": 0.6930684165157812, "prec": 0.7259083646490793, "recall": 0.7006715250013706, "sp_em": 0.4834571235651587, "sp_f1": 0.827941886307883, "sp_prec": 0.8520002572264642, "sp_recall": 0.8397758914504424, "joint_em": 0.28764348413234303, "joint_f1": 0.5919839441903152, "joint_prec": 0.637031583266558, "joint_recall": 0.6054867738046307}