{"em": 0.5200540175557056, "f1": 0.6581563883936156, "prec": 0.6923018627407552, "recall": 0.6666909976886349, "sp_em": 0.41336934503713707, "sp_f1": 0.8043942905320614, "sp_prec": 0.8109160477155177, "sp_recall": 0.8359308382367188, "joint_em": 0.23362592842673868, "joint_f1": 0.5481739810724059, "joint_prec": 0.5796409073208496, "joint_recall": 0.5761615327991059}