{"em": 0.5400405131667793, "f1": 0.6781652355906553, "prec": 0.7087216864461959, "recall": 0.6880907915327238, "sp_em": 0.029304523970290344, "sp_f1": 0.5175954582547785, "sp_prec": 0.4175971069218897, "sp_recall": 0.7585945789524475, "joint_em": 0.015935178933153275, "joint_f1": 0.35915965318718174, "joint_prec": 0.3015400594122043, "joint_recall": 0.5306029241971149}