{"em": 0.10087778528021607, "f1": 0.16785725676032584, "prec": 0.16649090312493411, "recall": 0.19115566611346493, "sp_em": 0.0599594868332208, "sp_f1": 0.5560194108539874, "sp_prec": 0.5280997395582114, "sp_recall": 0.6558125140670709, "joint_em": 0.008912896691424713, "joint_f1": 0.10395703812601009, "joint_prec": 0.09868322936722643, "joint_recall": 0.13953239198343828}