{"em": 0.042403781228899394, "f1": 0.10663115509068635, "prec": 0.1247974974983753, "recall": 0.1103258556239452, "sp_em": 0.05199189736664416, "sp_f1": 0.5377037861980487, "sp_prec": 0.49423233979614806, "sp_recall": 0.6580786791421498, "joint_em": 0.0036461850101282916, "joint_f1": 0.06684106892831215, "joint_prec": 0.07057027235150115, "joint_recall": 0.08395359679641963}