{"em": 0.23808237677245106, "f1": 0.3584091815588195, "prec": 0.3676274951696968, "recall": 0.3925872077880857, "sp_em": 0.13423362592842675, "sp_f1": 0.6264203633413694, "sp_prec": 0.6195130089356948, "sp_recall": 0.7144305649336037, "joint_em": 0.03551654287643484, "joint_f1": 0.2381322337466117, "joint_prec": 0.23523510875211012, "joint_recall": 0.30572091264950824}