{"em": 0.36704929101958134, "f1": 0.5023056762120176, "prec": 0.5434881691194998, "recall": 0.5071442472674751, "sp_em": 0.18798109385550305, "sp_f1": 0.6739669678359907, "sp_prec": 0.674907237709402, "sp_recall": 0.7391559756921011, "joint_em": 0.07413909520594193, "joint_f1": 0.35917046869609176, "joint_prec": 0.3820357420491238, "joint_recall": 0.39924612936766785}