{"em": 0.32478055367994596, "f1": 0.45920339317366343, "prec": 0.49298107849087, "recall": 0.4749969727923818, "sp_em": 0.15057393652937204, "sp_f1": 0.6581541588428937, "sp_prec": 0.6354631147980224, "sp_recall": 0.7631355904954834, "joint_em": 0.048480756245779875, "joint_f1": 0.31897719892926457, "joint_prec": 0.3217095072819244, "joint_recall": 0.3889076357845763}