{"em": 0.30182309250506417, "f1": 0.4252549080272792, "prec": 0.4370833862663715, "recall": 0.4582962144390234, "sp_em": 0.17083051991897366, "sp_f1": 0.6621709695511283, "sp_prec": 0.6531288918898661, "sp_recall": 0.7475338413555851, "joint_em": 0.054557731262660364, "joint_f1": 0.2967824913781456, "joint_prec": 0.29304258011958034, "joint_recall": 0.36663421018924014}