{"em": 0.04726536124240378, "f1": 0.10522389081449854, "prec": 0.10530349424002358, "recall": 0.12978851203123348, "sp_em": 0.013639432815665091, "sp_f1": 0.44804708609346927, "sp_prec": 0.33834276148488446, "sp_recall": 0.7602175171216359, "joint_em": 0.0005401755570560432, "joint_f1": 0.05189306031476512, "joint_prec": 0.040172776110967326, "joint_recall": 0.10660947334915633}