{"em": 0.06049966239027684, "f1": 0.12402097388335845, "prec": 0.11653436854989872, "recall": 0.16726371366648224, "sp_em": 0.048615800135043886, "sp_f1": 0.5185155005546682, "sp_prec": 0.48694966935682715, "sp_recall": 0.6228161473907595, "joint_em": 0.004051316677920324, "joint_f1": 0.07138413225420875, "joint_prec": 0.06308686966442346, "joint_recall": 0.11898452623975912}