{"em": 0.1924375422012154, "f1": 0.2787214176782252, "prec": 0.2874019367233412, "recall": 0.30500547377756726, "sp_em": 0.06320054017555705, "sp_f1": 0.562888117209524, "sp_prec": 0.5282747071369601, "sp_recall": 0.6702840744670587, "joint_em": 0.014584740040513166, "joint_f1": 0.17115387678899407, "joint_prec": 0.16321807976703306, "joint_recall": 0.2277623489078388}