{"em": 0.34436191762322754, "f1": 0.4763599675143933, "prec": 0.49428874973777154, "recall": 0.5053199840522595, "sp_em": 0.18676569885212693, "sp_f1": 0.6735175477984531, "sp_prec": 0.6710039870100651, "sp_recall": 0.7481958779460478, "joint_em": 0.0688723835246455, "joint_f1": 0.33780695544251566, "joint_prec": 0.343626030060847, "joint_recall": 0.40145672955598594}