{"em": 0.5408507765023632, "f1": 0.6845871645386683, "prec": 0.7092657365142175, "recall": 0.7035330947468023, "sp_em": 0.43902768399729913, "sp_f1": 0.8148658963514073, "sp_prec": 0.8207060866210193, "sp_recall": 0.8487630622809635, "joint_em": 0.25320729237002026, "joint_f1": 0.5740589653642386, "joint_prec": 0.5997006738103937, "joint_recall": 0.612054283270182}