{"em": 0.5869007427413909, "f1": 0.731126858253311, "prec": 0.7602006163991304, "recall": 0.7444074435954933, "sp_em": 0.5050641458474004, "sp_f1": 0.8388765829414326, "sp_prec": 0.8618208417735869, "sp_recall": 0.8477457316485061, "joint_em": 0.3172180958811614, "joint_f1": 0.6298568461198627, "joint_prec": 0.6718754990476802, "joint_recall": 0.6476939987826208}