{"em": 0.05577312626603646, "f1": 0.11689736890610235, "prec": 0.12016346733767408, "recall": 0.14304638046634713, "sp_em": 0.014584740040513166, "sp_f1": 0.4498217840002599, "sp_prec": 0.3465361308780652, "sp_recall": 0.7312248802289316, "joint_em": 0.001485482781904119, "joint_f1": 0.059122427130772835, "joint_prec": 0.0479865538180156, "joint_recall": 0.11448430558421811}