{"em": 0.6162052667116813, "f1": 0.7597975670533785, "prec": 0.788624793317568, "recall": 0.7721633747376497, "sp_em": 0.5269412559081702, "sp_f1": 0.845352424602959, "sp_prec": 0.8729552104434033, "sp_recall": 0.8496893990546991, "joint_em": 0.350438892640108, "joint_f1": 0.6613175468699204, "joint_prec": 0.7074985567549743, "joint_recall": 0.6747871734137788}