{"em": 0.613099257258609, "f1": 0.7558744353778164, "prec": 0.7870316261876011, "recall": 0.7660540519200221, "sp_em": 0.5016880486158002, "sp_f1": 0.8374291677262925, "sp_prec": 0.8567341886113093, "sp_recall": 0.8517574997588551, "joint_em": 0.32937204591492236, "joint_f1": 0.6507576758902479, "joint_prec": 0.6913230476853051, "joint_recall": 0.6706967960016592}