{"em": 0.6064821066846725, "f1": 0.7474572923938185, "prec": 0.7778304361255058, "recall": 0.7585802982747623, "sp_em": 0.5268062120189061, "sp_f1": 0.8491291228090964, "sp_prec": 0.8640085527796626, "sp_recall": 0.8636172470338643, "joint_em": 0.34449696151249154, "joint_f1": 0.6522139355585352, "joint_prec": 0.6900635817030153, "joint_recall": 0.6717515193062127}