{"em": 0.5600270087778528, "f1": 0.7024828318478252, "prec": 0.7286030763444661, "recall": 0.7187461849801494, "sp_em": 0.5035786630654963, "sp_f1": 0.8375922239663223, "sp_prec": 0.8597569209993338, "sp_recall": 0.8470423780585895, "joint_em": 0.30614449696151247, "joint_f1": 0.6067068797318708, "joint_prec": 0.6468716743531052, "joint_recall": 0.6244047853701787}