{"em": 0.5288318703578663, "f1": 0.6677392158754142, "prec": 0.7047354296240174, "recall": 0.6746962143940541, "sp_em": 0.4286293045239703, "sp_f1": 0.8063734285071479, "sp_prec": 0.8191360406417884, "sp_recall": 0.8319507411337318, "joint_em": 0.2451046590141796, "joint_f1": 0.5561865600606578, "joint_prec": 0.5944076447285392, "joint_recall": 0.5791315143767856}