{"em": 0.5300472653612424, "f1": 0.6719955931296683, "prec": 0.7043383366577147, "recall": 0.6837742460480486, "sp_em": 0.44591492234976365, "sp_f1": 0.8173896386455738, "sp_prec": 0.8186315552554685, "sp_recall": 0.8514497926111763, "joint_em": 0.25428764348413235, "joint_f1": 0.5666919382010739, "joint_prec": 0.5933905752011732, "joint_recall": 0.599136374154266}