{"em": 0.04550979068197164, "f1": 0.11182011319158597, "prec": 0.11126334165496886, "recall": 0.1496425320827555, "sp_em": 0.011208642808912896, "sp_f1": 0.4495794580828674, "sp_prec": 0.334520039450725, "sp_recall": 0.7844894054853548, "joint_em": 0.0001350438892640108, "joint_f1": 0.054845082429558274, "joint_prec": 0.041881444062096256, "joint_recall": 0.1283940412832853}