{"em": 0.06509115462525321, "f1": 0.13877654147829896, "prec": 0.12865759643612482, "recall": 0.18960496165117444, "sp_em": 0.03349088453747468, "sp_f1": 0.5223774057737537, "sp_prec": 0.4518660171698688, "sp_recall": 0.695839362078388, "joint_em": 0.0036461850101282916, "joint_f1": 0.07728687951969127, "joint_prec": 0.06420222530114487, "joint_recall": 0.1461143106748717}