{"em": 0.11019581363943282, "f1": 0.1833768677036549, "prec": 0.17993392982589454, "recall": 0.22036888574700855, "sp_em": 0.07062795408507765, "sp_f1": 0.554983967191937, "sp_prec": 0.5318367040716782, "sp_recall": 0.6553546509758523, "joint_em": 0.010533423362592843, "joint_f1": 0.11259735096968455, "joint_prec": 0.10588116777402456, "joint_recall": 0.16338119163828152}