{"em": 0.5397704253882512, "f1": 0.6825312737666532, "prec": 0.7178083826294486, "recall": 0.6920987143623877, "sp_em": 0.4590141796083727, "sp_f1": 0.8246041541922955, "sp_prec": 0.827584965113672, "sp_recall": 0.8561526960547958, "joint_em": 0.26333558406482105, "joint_f1": 0.5790333691825977, "joint_prec": 0.6097854949961602, "joint_recall": 0.6079854018115312}