{"em": 0.3291019581363943, "f1": 0.45263878752820336, "prec": 0.47264698202240457, "recall": 0.47521176081777033, "sp_em": 0.14382174206617152, "sp_f1": 0.6418542962027187, "sp_prec": 0.6288784926529695, "sp_recall": 0.7282320504163862, "joint_em": 0.05077650236326806, "joint_f1": 0.30754445119890744, "joint_prec": 0.3090522087135868, "joint_recall": 0.3696632774907581}