{"em": 0.262525320729237, "f1": 0.3770160676307785, "prec": 0.39338013438283587, "recall": 0.4046596608058462, "sp_em": 0.11978392977717758, "sp_f1": 0.6217345584867592, "sp_prec": 0.6057394724714096, "sp_recall": 0.7204335873444584, "joint_em": 0.036056718433490884, "joint_f1": 0.24900174096540606, "joint_prec": 0.24765882251963198, "joint_recall": 0.3156560968478588}