{"em": 0.04591492234976367, "f1": 0.10839210199743897, "prec": 0.11286491773662603, "recall": 0.1304599308138254, "sp_em": 0.015800135043889264, "sp_f1": 0.4912650392596259, "sp_prec": 0.3878385962450812, "sp_recall": 0.7458335744831374, "joint_em": 0.0009453072248480756, "joint_f1": 0.05805287364131934, "joint_prec": 0.04878587127503554, "joint_recall": 0.1054751704695105}