{"em": 0.5515192437542201, "f1": 0.6922190292235982, "prec": 0.7275863914013805, "recall": 0.7001351732321469, "sp_em": 0.48089128966914246, "sp_f1": 0.829244806510195, "sp_prec": 0.839912221471987, "sp_recall": 0.8510559146008244, "joint_em": 0.2834571235651587, "joint_f1": 0.5912033277988614, "joint_prec": 0.6295880590699953, "joint_recall": 0.6122872646323789}