{"em": 0.5162727886563133, "f1": 0.6557036439988452, "prec": 0.6915015320788442, "recall": 0.6636723380528244, "sp_em": 0.023767724510465903, "sp_f1": 0.5275727101317762, "sp_prec": 0.4174431649077194, "sp_recall": 0.7888456962798645, "joint_em": 0.012964213369345038, "joint_f1": 0.3559208573710064, "joint_prec": 0.29522689691386256, "joint_recall": 0.5335830153978346}