{"em": 0.5611073598919649, "f1": 0.6993983640573408, "prec": 0.7340078313913552, "recall": 0.7066300750416218, "sp_em": 0.4852126941255908, "sp_f1": 0.8313456256400491, "sp_prec": 0.8476952509565698, "sp_recall": 0.8474685701424473, "joint_em": 0.2898041863605672, "joint_f1": 0.5983385161725081, "joint_prec": 0.6402656563370599, "joint_recall": 0.6145641016147411}