{"em": 0.1548953409858204, "f1": 0.24642091587741646, "prec": 0.24586945277694716, "recall": 0.2840411529726183, "sp_em": 0.10722484807562457, "sp_f1": 0.61571176141737, "sp_prec": 0.5865123843820634, "sp_recall": 0.730978425131026, "joint_em": 0.015800135043889264, "joint_f1": 0.15858739395917495, "joint_prec": 0.147720935540314, "joint_recall": 0.22354088813879464}