{"em": 0.07940580688723835, "f1": 0.14673746285481468, "prec": 0.14186462048717302, "recall": 0.1771002423939629, "sp_em": 0.08575286968264687, "sp_f1": 0.5535052755782097, "sp_prec": 0.5616317803286042, "sp_recall": 0.603427381756214, "joint_em": 0.011343686698176907, "joint_f1": 0.09263602945637324, "joint_prec": 0.09185520431502858, "joint_recall": 0.1207778029233126}