{"em": 0.09682646860229574, "f1": 0.15811763627939146, "prec": 0.15699914834958734, "recall": 0.18059924470457897, "sp_em": 0.06509115462525321, "sp_f1": 0.5736948534247698, "sp_prec": 0.5391903797305542, "sp_recall": 0.6867187550239542, "joint_em": 0.006076975016880486, "joint_f1": 0.09559864809033254, "joint_prec": 0.089184531950906, "joint_recall": 0.13166649915468273}