{"em": 0.029439567859554355, "f1": 0.09582670167815832, "prec": 0.1302133563038357, "recall": 0.08718584176720573, "sp_em": 0.03241053342336259, "sp_f1": 0.5496726156280425, "sp_prec": 0.4679746096052669, "sp_recall": 0.7376098839265627, "joint_em": 0.0016205266711681297, "joint_f1": 0.0617076622251598, "joint_prec": 0.06864156484598737, "joint_recall": 0.07121475587208201}