{"em": 0.007697501688048616, "f1": 0.048570608945307805, "prec": 0.042347192158130716, "recall": 0.0797352984625098, "sp_em": 0.042538825118163405, "sp_f1": 0.4662385592500429, "sp_prec": 0.45023922060383975, "sp_recall": 0.5528936368605513, "joint_em": 0.0005401755570560432, "joint_f1": 0.02569678512614255, "joint_prec": 0.02122256724747804, "joint_recall": 0.05309545957081406}