{"em": 0.5639432815665091, "f1": 0.7039837642622766, "prec": 0.7385358309632434, "recall": 0.7111546474184005, "sp_em": 0.4613099257258609, "sp_f1": 0.8292374502232985, "sp_prec": 0.8296443844249475, "sp_recall": 0.8648914825889903, "joint_em": 0.2794058068872384, "joint_f1": 0.6001136999083216, "joint_prec": 0.6306843713654984, "joint_recall": 0.6296874905224773}