{"em": 0.0010803511141120863, "f1": 0.03193661838991222, "prec": 0.027093683569038043, "recall": 0.057749357889465835, "sp_em": 0.0001350438892640108, "sp_f1": 0.2959470192222877, "sp_prec": 0.178190683772331, "sp_recall": 0.9929619626378572, "joint_em": 0.0, "joint_f1": 0.008672894400565517, "joint_prec": 0.005119344697111258, "joint_recall": 0.05714391111926552}