{"em": 0.001485482781904119, "f1": 0.031016937498080526, "prec": 0.02664029608324004, "recall": 0.05402671077890519, "sp_em": 0.01836596893990547, "sp_f1": 0.42851715947385544, "sp_prec": 0.32235424494905185, "sp_recall": 0.7849297450242757, "joint_em": 0.0, "joint_f1": 0.012824472378413778, "joint_prec": 0.009076411063913953, "joint_recall": 0.04224104277446614}