{"em": 0.05212694125590817, "f1": 0.1093806133414668, "prec": 0.11422989457088045, "recall": 0.13122405038439525, "sp_em": 0.017960837272113436, "sp_f1": 0.45339833300236004, "sp_prec": 0.35517982136317544, "sp_recall": 0.7167401369730875, "joint_em": 0.0012153950033760973, "joint_f1": 0.05591004944883813, "joint_prec": 0.046637389403799384, "joint_recall": 0.10393201164063458}