{"em": 0.5559756920999325, "f1": 0.6952406585491643, "prec": 0.7299513911701611, "recall": 0.7021002162167714, "sp_em": 0.46630654962862933, "sp_f1": 0.8198345761073913, "sp_prec": 0.8474611748818445, "sp_recall": 0.8287434487637118, "joint_em": 0.27981093855503036, "joint_f1": 0.5873976382505398, "joint_prec": 0.6363857332928889, "joint_recall": 0.598800418220481}