{"em": 0.525050641458474, "f1": 0.6650611550975293, "prec": 0.6993048871002951, "recall": 0.6739735317199871, "sp_em": 0.4081026333558406, "sp_f1": 0.8027801210718432, "sp_prec": 0.8066284042313849, "sp_recall": 0.8374537796212395, "joint_em": 0.2286293045239703, "joint_f1": 0.5507839382047678, "joint_prec": 0.5802365742892369, "joint_recall": 0.5819765095171892}