{"em": 0.047400405131667794, "f1": 0.11234522612891092, "prec": 0.11434818876074788, "recall": 0.14040319029009107, "sp_em": 0.017150573936529374, "sp_f1": 0.4395209290172325, "sp_prec": 0.34545391702865236, "sp_recall": 0.6978700041799286, "joint_em": 0.0008102633355840649, "joint_f1": 0.05506550705495323, "joint_prec": 0.044421023450535474, "joint_recall": 0.10823003352712993}