{"em": 0.5400405131667793, "f1": 0.680301962974603, "prec": 0.715449937563374, "recall": 0.6877805349800631, "sp_em": 0.4523970290344362, "sp_f1": 0.8182435915049296, "sp_prec": 0.8328539275264553, "sp_recall": 0.838385260924093, "joint_em": 0.262390276839973, "joint_f1": 0.5747859154331719, "joint_prec": 0.6137086148152986, "joint_recall": 0.5950026487317146}