{"em": 0.5074949358541526, "f1": 0.6452734051555478, "prec": 0.6825220356955672, "recall": 0.6526452426334266, "sp_em": 0.3817690749493585, "sp_f1": 0.7877143240884212, "sp_prec": 0.7910346934182259, "sp_recall": 0.8277327095591835, "joint_em": 0.20945307224848075, "joint_f1": 0.5263491324665931, "joint_prec": 0.5556281481104179, "joint_recall": 0.5593438075353983}