{"em": 0.5384199864956111, "f1": 0.6768421056068141, "prec": 0.7106672084761206, "recall": 0.6871715449753946, "sp_em": 0.44767049291019584, "sp_f1": 0.8124139001519406, "sp_prec": 0.8287643484132434, "sp_recall": 0.8329383299572426, "joint_em": 0.26049966239027683, "joint_f1": 0.5681752702795382, "joint_prec": 0.6061604224794608, "joint_recall": 0.5913780704378254}