{"em": 0.5277515192437542, "f1": 0.667590463024949, "prec": 0.7021774294427902, "recall": 0.6772601044765126, "sp_em": 0.4325455773126266, "sp_f1": 0.8067935118374254, "sp_prec": 0.8193292820166638, "sp_recall": 0.8317197196231693, "joint_em": 0.24348413234301147, "joint_f1": 0.5567001368150873, "joint_prec": 0.5923354943440999, "joint_recall": 0.582049428826604}