{"em": 0.04051316677920324, "f1": 0.10137931216058244, "prec": 0.1028951032462174, "recall": 0.13303188880600814, "sp_em": 0.015800135043889264, "sp_f1": 0.3682319284067115, "sp_prec": 0.3033438383671036, "sp_recall": 0.6037069547602968, "joint_em": 0.001485482781904119, "joint_f1": 0.04132762899664608, "joint_prec": 0.03488520102937181, "joint_recall": 0.08625119088587722}