{"em": 0.3209993247805537, "f1": 0.44051132715579916, "prec": 0.45787388543634383, "recall": 0.46336308844580293, "sp_em": 0.125050641458474, "sp_f1": 0.6316428900831388, "sp_prec": 0.6097770704050223, "sp_recall": 0.7363708562425655, "joint_em": 0.04577987846049966, "joint_f1": 0.2946895607150154, "joint_prec": 0.2895843670234299, "joint_recall": 0.36605851937469036}