{"em": 0.10681971640783254, "f1": 0.1750965527851071, "prec": 0.17236658682303493, "recall": 0.20976143763956062, "sp_em": 0.05185685347738015, "sp_f1": 0.539068881452407, "sp_prec": 0.49483521430179106, "sp_recall": 0.6649972669689085, "joint_em": 0.007292370020256583, "joint_f1": 0.10297179767310935, "joint_prec": 0.09315452365032746, "joint_recall": 0.15559676965568248}