{"em": 0.5281566509115463, "f1": 0.6702352167981427, "prec": 0.7056081389538508, "recall": 0.6803543974593945, "sp_em": 0.4101282916948008, "sp_f1": 0.8015774802135641, "sp_prec": 0.8043869972026723, "sp_recall": 0.8374534580881695, "joint_em": 0.2324105334233626, "joint_f1": 0.5542375980570281, "joint_prec": 0.584409236948058, "joint_recall": 0.5860821746588097}