{"em": 0.24172856178257934, "f1": 0.35353907481440566, "prec": 0.3612621132337543, "recall": 0.3893818002089443, "sp_em": 0.11343686698176908, "sp_f1": 0.6133312872138064, "sp_prec": 0.6035055142921432, "sp_recall": 0.7043796019420608, "joint_em": 0.030790006752194465, "joint_f1": 0.22692610996942228, "joint_prec": 0.22381596910390242, "joint_recall": 0.2930596832082313}