{"em": 0.05023632680621202, "f1": 0.11830935294959172, "prec": 0.10875892769545722, "recall": 0.1667380533788367, "sp_em": 0.02174206617150574, "sp_f1": 0.5130168188777126, "sp_prec": 0.41906814357523786, "sp_recall": 0.7327444455162221, "joint_em": 0.002025658338960162, "joint_f1": 0.06369819402049062, "joint_prec": 0.05028790145919013, "joint_recall": 0.13296472077700958}