{"em": 0.6070222822417286, "f1": 0.7451598039743513, "prec": 0.7741923583955981, "recall": 0.757155228108977, "sp_em": 0.474679270762998, "sp_f1": 0.8298810327642486, "sp_prec": 0.8406482106684784, "sp_recall": 0.8554842288029361, "joint_em": 0.312491559756921, "joint_f1": 0.6365438568611024, "joint_prec": 0.6670082195732094, "joint_recall": 0.6668131661271441}