{"em": 0.04172856178257934, "f1": 0.0981157397607351, "prec": 0.10107381439927013, "recall": 0.1214450103082586, "sp_em": 0.018095881161377447, "sp_f1": 0.4524954115083711, "sp_prec": 0.3559765056262959, "sp_recall": 0.7160824410790647, "joint_em": 0.0009453072248480756, "joint_f1": 0.050055259162404504, "joint_prec": 0.041104782200973224, "joint_recall": 0.09595424366624268}