{"em": 0.5542201215395003, "f1": 0.6968128273068136, "prec": 0.7295540366303357, "recall": 0.7071456469481461, "sp_em": 0.49844699527346387, "sp_f1": 0.8332366200833712, "sp_prec": 0.8530452397029126, "sp_recall": 0.84590495482461, "joint_em": 0.29831195138419986, "joint_f1": 0.5986137807946412, "joint_prec": 0.6401749976709458, "joint_recall": 0.6162411232514184}