{"em": 0.5909520594193113, "f1": 0.7315582345289188, "prec": 0.7614669953798908, "recall": 0.7448215294721043, "sp_em": 0.4650911546252532, "sp_f1": 0.8181523540605521, "sp_prec": 0.8359531847850654, "sp_recall": 0.8399897109417733, "joint_em": 0.29547602970965564, "joint_f1": 0.6176876046264049, "joint_prec": 0.6533995662413964, "joint_recall": 0.6469142893705677}