{"em": 0.575692099932478, "f1": 0.7174936781608954, "prec": 0.7512016530247444, "recall": 0.7262407904175202, "sp_em": 0.499932478055368, "sp_f1": 0.8330784452999453, "sp_prec": 0.8625365743866837, "sp_recall": 0.8389646635156476, "joint_em": 0.30911546252532074, "joint_f1": 0.6155779545706266, "joint_prec": 0.6646052011421691, "joint_recall": 0.6273846191860931}