{"em": 0.6022957461174882, "f1": 0.7407110656768617, "prec": 0.77195256877566, "recall": 0.751688094147582, "sp_em": 0.4725185685347738, "sp_f1": 0.8231898224065968, "sp_prec": 0.844037812289005, "sp_recall": 0.8421113469020332, "joint_em": 0.3097906819716408, "joint_f1": 0.6291763226074846, "joint_prec": 0.669273135053858, "joint_recall": 0.6538559798792749}