{"em": 0.04402430790006752, "f1": 0.10586732783918966, "prec": 0.10238054315704564, "recall": 0.14294831096227215, "sp_em": 0.01661039837947333, "sp_f1": 0.4404978141199314, "sp_prec": 0.3561521448219927, "sp_recall": 0.6795530690331496, "joint_em": 0.0009453072248480756, "joint_f1": 0.05074810666311179, "joint_prec": 0.04082640526953202, "joint_recall": 0.10607480437657776}