{"em": 0.5539500337609723, "f1": 0.6923232747299964, "prec": 0.7274792875366801, "recall": 0.6991334438312838, "sp_em": 0.4822417285617826, "sp_f1": 0.8284307237514792, "sp_prec": 0.8431018295231748, "sp_recall": 0.8471251728240328, "joint_em": 0.28426738690074277, "joint_f1": 0.5894655209372363, "joint_prec": 0.6302437173075236, "joint_recall": 0.6074883816760905}