{"em": 0.5561107359891965, "f1": 0.6951205131281805, "prec": 0.7306003127340053, "recall": 0.7012151774626459, "sp_em": 0.48197164078325455, "sp_f1": 0.830855657958994, "sp_prec": 0.8478666280827067, "sp_recall": 0.8475376997524268, "joint_em": 0.287508440243079, "joint_f1": 0.5928798490343916, "joint_prec": 0.6359000453743855, "joint_recall": 0.6079798455039828}