{"em": 0.5701553004726536, "f1": 0.7095521790620002, "prec": 0.7424205582848382, "recall": 0.7187146873484609, "sp_em": 0.5029034436191763, "sp_f1": 0.8365271505447313, "sp_prec": 0.8556470853027318, "sp_recall": 0.8490133757757052, "joint_em": 0.3058744091829845, "joint_f1": 0.6093129300147142, "joint_prec": 0.6517058709540137, "joint_recall": 0.6254411380178537}