{"em": 0.5605671843349088, "f1": 0.7010128940717483, "prec": 0.7320841751091572, "recall": 0.7121291741869056, "sp_em": 0.4835921674544227, "sp_f1": 0.8323389289831129, "sp_prec": 0.8412919198739681, "sp_recall": 0.8552332722420573, "joint_em": 0.29182984469952733, "joint_f1": 0.6003846699433845, "joint_prec": 0.633506562684819, "joint_recall": 0.6253038429672446}