{"em": 0.5397704253882512, "f1": 0.6796669213169999, "prec": 0.7155282672163155, "recall": 0.6872601760532216, "sp_em": 0.46076975016880484, "sp_f1": 0.8214374184597261, "sp_prec": 0.835509790681982, "sp_recall": 0.8425108517411078, "joint_em": 0.2646860229574612, "joint_f1": 0.5731484908013635, "joint_prec": 0.6126921265207877, "joint_recall": 0.5936709340875412}