{"em": 0.5643484132343012, "f1": 0.7062326975233012, "prec": 0.7367253846760928, "recall": 0.7184361116788534, "sp_em": 0.4903443619176232, "sp_f1": 0.8302746769323672, "sp_prec": 0.8488527700074028, "sp_recall": 0.84569226069902, "joint_em": 0.29426063470627956, "joint_f1": 0.6029076362556004, "joint_prec": 0.6430110600130843, "joint_recall": 0.6226218539069632}