{"em": 0.5933828494260635, "f1": 0.732448299788933, "prec": 0.7633447361401444, "recall": 0.7420231544657618, "sp_em": 0.5419311276164753, "sp_f1": 0.8493456659628427, "sp_prec": 0.8766692389312306, "sp_recall": 0.8527698466287322, "joint_em": 0.34301147873058746, "joint_f1": 0.6377424690742564, "joint_prec": 0.6859654996327855, "joint_recall": 0.6467675298293115}