{"em": 0.5844699527346388, "f1": 0.7238150412983168, "prec": 0.7541498789304321, "recall": 0.7328296826963274, "sp_em": 0.5312626603646186, "sp_f1": 0.8442241260877584, "sp_prec": 0.8711096106234598, "sp_recall": 0.8480863959358287, "joint_em": 0.33342336259284266, "joint_f1": 0.6276263282187375, "joint_prec": 0.674703020795696, "joint_recall": 0.6361071812874646}