{"em": 0.5434166103983795, "f1": 0.6859857615403138, "prec": 0.7211547744025787, "recall": 0.695156180566377, "sp_em": 0.4434841323430115, "sp_f1": 0.8166724152882409, "sp_prec": 0.8203286067972181, "sp_recall": 0.8481894472846594, "joint_em": 0.25928426738690075, "joint_f1": 0.5773879494044833, "joint_prec": 0.6083859214159647, "joint_recall": 0.6069186338894295}