{"em": 0.06130992572586091, "f1": 0.11984513475726333, "prec": 0.1257546725912694, "recall": 0.13611649569885254, "sp_em": 0.01863605671843349, "sp_f1": 0.49071583941603336, "sp_prec": 0.3960069490116797, "sp_recall": 0.7206531944310467, "joint_em": 0.0010803511141120863, "joint_f1": 0.06335690990716718, "joint_prec": 0.054416586017953114, "joint_recall": 0.10367735819894532}