{"em": 0.054827819041188386, "f1": 0.118160912711475, "prec": 0.12307431258815468, "recall": 0.1406423050609213, "sp_em": 0.020526671168129642, "sp_f1": 0.4449568281204604, "sp_prec": 0.3598995258611909, "sp_recall": 0.6940235040673929, "joint_em": 0.001485482781904119, "joint_f1": 0.05919423846754704, "joint_prec": 0.05080553672795787, "joint_recall": 0.10679530288086699}