{"em": 0.5292370020256584, "f1": 0.6703678290175047, "prec": 0.7053939121123449, "recall": 0.6791057286550205, "sp_em": 0.46036461850101285, "sp_f1": 0.8211006714045452, "sp_prec": 0.8304456448345809, "sp_recall": 0.8458086556702422, "joint_em": 0.2610398379473329, "joint_f1": 0.5677273456890258, "joint_prec": 0.6027513752034318, "joint_recall": 0.591147921919527}