{"em": 0.05023632680621202, "f1": 0.11627020430656529, "prec": 0.11878873058819049, "recall": 0.14506206768698338, "sp_em": 0.047535449020931805, "sp_f1": 0.47005582008958857, "sp_prec": 0.4905940956784997, "sp_recall": 0.5147612616957656, "joint_em": 0.0021607022282241727, "joint_f1": 0.05949245214379882, "joint_prec": 0.06471577345429456, "joint_recall": 0.08135019708703034}