{"em": 0.5548953409858204, "f1": 0.6952963890058874, "prec": 0.726498800171993, "recall": 0.7060726277623653, "sp_em": 0.4941255908170155, "sp_f1": 0.8289625979092805, "sp_prec": 0.8553477380148612, "sp_recall": 0.8357808430597155, "joint_em": 0.29426063470627956, "joint_f1": 0.5939732002379102, "joint_prec": 0.6398075944986803, "joint_recall": 0.60667436156261}