{"em": 0.5523295070898042, "f1": 0.6936515211026408, "prec": 0.7290384890823774, "recall": 0.7000389300473707, "sp_em": 0.4883187035786631, "sp_f1": 0.8338758570561674, "sp_prec": 0.8456335809138048, "sp_recall": 0.8534447445419843, "joint_em": 0.28588791357191085, "joint_f1": 0.5938896881570246, "joint_prec": 0.6326170487051636, "joint_recall": 0.6115630492497455}