{"em": 0.5436866981769075, "f1": 0.6833616981158304, "prec": 0.7182119688399217, "recall": 0.6904916223771737, "sp_em": 0.45428764348413236, "sp_f1": 0.8234049377736338, "sp_prec": 0.8247175331982987, "sp_recall": 0.8566692389312311, "joint_em": 0.2667116812964213, "joint_f1": 0.580313970254027, "joint_prec": 0.6090685115019993, "joint_recall": 0.6084145903237711}