{"em": 0.05266711681296422, "f1": 0.10863451911532228, "prec": 0.11317593952300235, "recall": 0.12806541031488405, "sp_em": 0.0052667116812964215, "sp_f1": 0.4492386436220358, "sp_prec": 0.3232757320665118, "sp_recall": 0.8340836307514239, "joint_em": 0.0001350438892640108, "joint_f1": 0.05411566720503875, "joint_prec": 0.040983947991596395, "joint_recall": 0.11585682645370046}