{"em": 0.5431465226198514, "f1": 0.6835313580692325, "prec": 0.7172102044553081, "recall": 0.6929339306128642, "sp_em": 0.4398379473328832, "sp_f1": 0.8127362951401024, "sp_prec": 0.8274335230378512, "sp_recall": 0.834648725121386, "joint_em": 0.2569885212694126, "joint_f1": 0.5721037143113062, "joint_prec": 0.6105318592678451, "joint_recall": 0.5944282047322194}