{"em": 0.007562457798784605, "f1": 0.060466947993582806, "prec": 0.06203731859707541, "recall": 0.09153549691361988, "sp_em": 0.03349088453747468, "sp_f1": 0.4141961138150922, "sp_prec": 0.37136429499914214, "sp_recall": 0.5712430468473696, "joint_em": 0.0001350438892640108, "joint_f1": 0.028045038289851734, "joint_prec": 0.026969371669136235, "joint_recall": 0.05724488205919667}