{"em": 0.5654287643484133, "f1": 0.7050343600046869, "prec": 0.7376263548140652, "recall": 0.7147979829833317, "sp_em": 0.4931802835921675, "sp_f1": 0.8321907314682732, "sp_prec": 0.8558811613774567, "sp_recall": 0.8413194109514234, "joint_em": 0.29804186360567186, "joint_f1": 0.6037201164400834, "joint_prec": 0.6491457728132262, "joint_recall": 0.6172283294643169}