{"em": 0.0017555705604321405, "f1": 0.03374346595184316, "prec": 0.030238881832399686, "recall": 0.05658062209378879, "sp_em": 0.0001350438892640108, "sp_f1": 0.2959470192222877, "sp_prec": 0.178190683772331, "sp_recall": 0.9929619626378572, "joint_em": 0.0, "joint_f1": 0.009771480294286794, "joint_prec": 0.005964886064573882, "joint_recall": 0.05604788077104071}