{"em": 0.14679270762997973, "f1": 0.2208168612486109, "prec": 0.22505773130013504, "recall": 0.238628771258751, "sp_em": 0.09561107359891965, "sp_f1": 0.595904287774652, "sp_prec": 0.5745140027651809, "sp_recall": 0.694670267837048, "joint_em": 0.015935178933153275, "joint_f1": 0.14137270572871452, "joint_prec": 0.1380526394854548, "joint_recall": 0.17895216944507944}