{"em": 0.00823767724510466, "f1": 0.0503211203951429, "prec": 0.05651190657942849, "recall": 0.06644487330510278, "sp_em": 0.0027008777852802163, "sp_f1": 0.3315262767450185, "sp_prec": 0.24003427866435192, "sp_recall": 0.6567206842223716, "joint_em": 0.0, "joint_f1": 0.01853031268928654, "joint_prec": 0.015405847861938347, "joint_recall": 0.04422551908541108}