{"em": 0.009318028359216746, "f1": 0.03850242563341615, "prec": 0.05523238371651607, "recall": 0.04139703008372827, "sp_em": 0.05280216070222822, "sp_f1": 0.5276437959219917, "sp_prec": 0.49207035143564576, "sp_recall": 0.6316555737757619, "joint_em": 0.0006752194463200541, "joint_f1": 0.02431671300452184, "joint_prec": 0.030576879643726393, "joint_recall": 0.031240679007390734}