{"em": 0.05280216070222822, "f1": 0.12886372763656437, "prec": 0.14977905843874806, "recall": 0.13450907558942685, "sp_em": 0.07265361242403781, "sp_f1": 0.5584001878532682, "sp_prec": 0.5346226809427337, "sp_recall": 0.6478338317095911, "joint_em": 0.0051316677920324105, "joint_f1": 0.08158071618548003, "joint_prec": 0.09007280862783879, "joint_recall": 0.09932309718940352}