{"em": 0.09264010803511141, "f1": 0.15706986768810066, "prec": 0.15506002999926038, "recall": 0.18311159918182213, "sp_em": 0.050911546252532074, "sp_f1": 0.5589256508365271, "sp_prec": 0.515951416353171, "sp_recall": 0.6731613131410563, "joint_em": 0.006617150573936529, "joint_f1": 0.09479312525776624, "joint_prec": 0.08792241909814477, "joint_recall": 0.13264919515425913}