{"em": 0.5721809588116138, "f1": 0.7129481339677194, "prec": 0.7430812551541786, "recall": 0.7236561913216206, "sp_em": 0.499932478055368, "sp_f1": 0.8410650734216168, "sp_prec": 0.8467650557859959, "sp_recall": 0.8652551364907951, "joint_em": 0.30722484807562456, "joint_f1": 0.6161731242300805, "joint_prec": 0.6471398779403501, "joint_recall": 0.6408180855831087}