{"em": 0.5563808237677245, "f1": 0.6960711696426032, "prec": 0.7283968196257186, "recall": 0.7059183664636067, "sp_em": 0.487508440243079, "sp_f1": 0.8279771725011694, "sp_prec": 0.8523767724510555, "sp_recall": 0.8369700331179134, "joint_em": 0.2900742741390952, "joint_f1": 0.592420023046485, "joint_prec": 0.6381115993879322, "joint_recall": 0.6052564227667172}