{"em": 0.5869007427413909, "f1": 0.7282596893940629, "prec": 0.7582623517228508, "recall": 0.7397923074374807, "sp_em": 0.5201890614449696, "sp_f1": 0.847810077236168, "sp_prec": 0.8591440789685298, "sp_recall": 0.8655123629465372, "joint_em": 0.32653612424037814, "joint_f1": 0.6337768094302143, "joint_prec": 0.6689319229049137, "joint_recall": 0.6544883098995187}