{"em": 0.05536799459824443, "f1": 0.11944871523598498, "prec": 0.12159907576855601, "recall": 0.14588708987763677, "sp_em": 0.00337609723160027, "sp_f1": 0.4365367128510567, "sp_prec": 0.3099422596250578, "sp_recall": 0.8360970708337357, "joint_em": 0.0005401755570560432, "joint_f1": 0.056458478910333725, "joint_prec": 0.04204257279031111, "joint_recall": 0.1284962627214483}