{"em": 0.537204591492235, "f1": 0.6787508470613305, "prec": 0.7125759798008272, "recall": 0.6876674917475057, "sp_em": 0.44942606347062797, "sp_f1": 0.819925150998777, "sp_prec": 0.8240394199543534, "sp_recall": 0.850495160927308, "joint_em": 0.2615800135043889, "joint_f1": 0.5738889039807546, "joint_prec": 0.6046789301990149, "joint_recall": 0.6005876915492018}