{"em": 0.25334233625928426, "f1": 0.3692348871336383, "prec": 0.38002896758129795, "recall": 0.4045575976983614, "sp_em": 0.13207292370020257, "sp_f1": 0.5618068067426617, "sp_prec": 0.6282676869982746, "sp_recall": 0.574009999678467, "joint_em": 0.03713706954760297, "joint_f1": 0.2247848021078214, "joint_prec": 0.2519017981668221, "joint_recall": 0.25616307827075574}