{"em": 0.06954760297096556, "f1": 0.14086412210941973, "prec": 0.1333064006291559, "recall": 0.1854510188963263, "sp_em": 0.025523295070898042, "sp_f1": 0.47254170417911123, "sp_prec": 0.3829641908778142, "sp_recall": 0.710696440628919, "joint_em": 0.0017555705604321405, "joint_f1": 0.07022306468105197, "joint_prec": 0.055048604674608446, "joint_recall": 0.14336054653576577}