{"em": 0.1351789331532748, "f1": 0.21377009023248403, "prec": 0.21333594719482585, "recall": 0.2504203977431528, "sp_em": 0.11694800810263335, "sp_f1": 0.5652033112060167, "sp_prec": 0.5980830734274336, "sp_recall": 0.603104723320795, "joint_em": 0.02039162727886563, "joint_f1": 0.13485251574806237, "joint_prec": 0.13817957385850663, "joint_recall": 0.17406608508904234}