{"em": 0.3209993247805537, "f1": 0.4403386109731173, "prec": 0.4619870503867808, "recall": 0.46026351752381445, "sp_em": 0.1723160027008778, "sp_f1": 0.5834493970280626, "sp_prec": 0.6658939155225454, "sp_recall": 0.5750596443844253, "joint_em": 0.06266036461850101, "joint_f1": 0.28251127243463187, "joint_prec": 0.33075036807042174, "joint_recall": 0.29503447748889994}