{
    "em": 0.0661715057393653,
    "f1": 0.13541395980725435,
    "prec": 0.16223721060993174,
    "recall": 0.1323384716041706,
    "sp_em": 0.06022957461174882,
    "sp_f1": 0.5604098662235053,
    "sp_prec": 0.5108072087714219,
    "sp_recall": 0.6922425323944567,
    "joint_em": 0.006347062795408508,
    "joint_f1": 0.0858835006933326,
    "joint_prec": 0.0929969635173887,
    "joint_recall": 0.10008156812427577
}