{"em": 0.26333558406482105, "f1": 0.38459293262425, "prec": 0.3938969410812763, "recall": 0.4192679723439942, "sp_em": 0.16421336934503714, "sp_f1": 0.6441536811152029, "sp_prec": 0.6572217399226185, "sp_recall": 0.7042051702517613, "joint_em": 0.04564483457123565, "joint_f1": 0.26339287007462636, "joint_prec": 0.26501238138498223, "joint_recall": 0.32183680009513044}