{
    "em": 0.01823092505064146,
    "f1": 0.07073858495525724,
    "prec": 0.06969070729705427,
    "recall": 0.10026035428297425,
    "sp_em": 0.024983119513842,
    "sp_f1": 0.4663309368776757,
    "sp_prec": 0.37647006092457946,
    "sp_recall": 0.7099681682261026,
    "joint_em": 0.0002700877785280216,
    "joint_f1": 0.035906504857346005,
    "joint_prec": 0.029264452041651207,
    "joint_recall": 0.0798173327098041
}