{"em": 0.12667116812964213, "f1": 0.20663420516554024, "prec": 0.2059582311304117, "recall": 0.2391884696442427, "sp_em": 0.11343686698176908, "sp_f1": 0.6026270713306551, "sp_prec": 0.594472364232659, "sp_recall": 0.6826928394585378, "joint_em": 0.015800135043889264, "joint_f1": 0.13602003064853246, "joint_prec": 0.13107796793537566, "joint_recall": 0.18339145146623187}