{"em": 0.0812964213369345, "f1": 0.15890037002203478, "prec": 0.14915870310198487, "recall": 0.20286405750450331, "sp_em": 0.09439567859554356, "sp_f1": 0.5719137161135849, "sp_prec": 0.5627857625156711, "sp_recall": 0.652810038262435, "joint_em": 0.010803511141120865, "joint_f1": 0.10046501855988407, "joint_prec": 0.0940215808774213, "joint_recall": 0.14799195918118935}