{"em": 0.5466576637407158, "f1": 0.6883399324915627, "prec": 0.7193850545133457, "recall": 0.6996850143254607, "sp_em": 0.4530722484807562, "sp_f1": 0.8176540752368161, "sp_prec": 0.8385482781904201, "sp_recall": 0.8348361789010066, "joint_em": 0.2638757596218771, "joint_f1": 0.580427335605157, "joint_prec": 0.6208538166012832, "joint_recall": 0.6018117820297068}