{"em": 0.05145172180958812, "f1": 0.10902077505642122, "prec": 0.11283994683386969, "recall": 0.1332837393262584, "sp_em": 0.00823767724510466, "sp_f1": 0.4543818988558559, "sp_prec": 0.33424968932102944, "sp_recall": 0.803572714703708, "joint_em": 0.0005401755570560432, "joint_f1": 0.05615303576739665, "joint_prec": 0.04358901264429826, "joint_recall": 0.11842659866138631}