{"em": 0.5258609047940581, "f1": 0.664035973837702, "prec": 0.7004361502403353, "recall": 0.6713120398620066, "sp_em": 0.41661039837947333, "sp_f1": 0.8080934550482421, "sp_prec": 0.8050551429214596, "sp_recall": 0.8483013407929072, "joint_em": 0.237272113436867, "joint_f1": 0.5531773243623298, "joint_prec": 0.5789324371204811, "joint_recall": 0.5857141628471788}