{"em": 0.5481431465226199, "f1": 0.6879206963467557, "prec": 0.7231633150404239, "recall": 0.6946561786551663, "sp_em": 0.44983119513841996, "sp_f1": 0.8221036694568359, "sp_prec": 0.8253972541075949, "sp_recall": 0.8532817272756572, "joint_em": 0.26522619851451723, "joint_f1": 0.5817318859227566, "joint_prec": 0.6136562663210168, "joint_recall": 0.6075532940063644}