{"em": 0.047535449020931805, "f1": 0.10547449174031892, "prec": 0.10558476747200579, "recall": 0.12999590086117468, "sp_em": 0.013639432815665091, "sp_f1": 0.44794821377074195, "sp_prec": 0.33817719818630304, "sp_recall": 0.7603075463811452, "joint_em": 0.0005401755570560432, "joint_f1": 0.051936893206286326, "joint_prec": 0.040183522548114844, "joint_recall": 0.10680507263320935}