{"em": 0.35395003376097234, "f1": 0.488966537487001, "prec": 0.5056488020194984, "recall": 0.5221965289943009, "sp_em": 0.17960837272113436, "sp_f1": 0.6733630335453562, "sp_prec": 0.6669710561776727, "sp_recall": 0.7579558535095345, "joint_em": 0.06563133018230925, "joint_f1": 0.3472729652049368, "joint_prec": 0.3472124978963744, "joint_recall": 0.4225649093572787}