{"em": 0.2113436866981769, "f1": 0.30211355178557964, "prec": 0.31404110893982556, "recall": 0.32696316269071163, "sp_em": 0.07413909520594193, "sp_f1": 0.5751497605852816, "sp_prec": 0.5488798323740899, "sp_recall": 0.6732187067939941, "joint_em": 0.019986495611073598, "joint_f1": 0.19107075021630082, "joint_prec": 0.18377383827940885, "joint_recall": 0.24869963875872028}