{"em": 0.31397704253882514, "f1": 0.43994779522212213, "prec": 0.4568231906888231, "recall": 0.4685528596619075, "sp_em": 0.15503038487508441, "sp_f1": 0.6525214705768494, "sp_prec": 0.6423722627436335, "sp_recall": 0.7427024854506307, "joint_em": 0.05280216070222822, "joint_f1": 0.30266864643851277, "joint_prec": 0.3028671221582871, "joint_recall": 0.3722681606037434}