{"em": 0.05658338960162053, "f1": 0.11726559569004515, "prec": 0.11031380428409478, "recall": 0.15915925004547582, "sp_em": 0.049696151249155975, "sp_f1": 0.5106836565040543, "sp_prec": 0.49384505321372335, "sp_recall": 0.5941685154818179, "joint_em": 0.0036461850101282916, "joint_f1": 0.06606810605648773, "joint_prec": 0.05987069105401318, "joint_recall": 0.10685125737792846}