{"em": 0.5461174881836597, "f1": 0.6870167617003176, "prec": 0.7235119618171597, "recall": 0.6936832877903104, "sp_em": 0.46171505739365293, "sp_f1": 0.8180544228822686, "sp_prec": 0.8379473328831961, "sp_recall": 0.8338823510498122, "joint_em": 0.2688723835246455, "joint_f1": 0.5770203471675526, "joint_prec": 0.6212503626490777, "joint_recall": 0.593593975690697}