{"em": 0.05860904794058069, "f1": 0.11767775779428595, "prec": 0.12370953676828093, "recall": 0.13663870831255756, "sp_em": 0.015800135043889264, "sp_f1": 0.45089322853144126, "sp_prec": 0.34911506806027476, "sp_recall": 0.7333039130574583, "joint_em": 0.0012153950033760973, "joint_f1": 0.06192997609190298, "joint_prec": 0.05091059677406676, "joint_recall": 0.11309988855327843}