{"em": 0.5557056043214045, "f1": 0.6998380281613257, "prec": 0.726330658238152, "recall": 0.7160723937878697, "sp_em": 0.022552329507089804, "sp_f1": 0.5227626061166437, "sp_prec": 0.4101719594832392, "sp_recall": 0.7972602167132915, "joint_em": 0.012424037812288994, "joint_f1": 0.3727172605496854, "joint_prec": 0.30201973597986764, "joint_recall": 0.5808419273340701}