{"em": 0.5887913571910871, "f1": 0.7289933246456489, "prec": 0.757832447768301, "recall": 0.7396024292861698, "sp_em": 0.038892640108035115, "sp_f1": 0.5393076658505368, "sp_prec": 0.45408300230042525, "sp_recall": 0.739126073116622, "joint_em": 0.02214719783929777, "joint_f1": 0.40102659564637405, "joint_prec": 0.3495546112274935, "joint_recall": 0.555050522362719}