{"em": 0.5786630654962863, "f1": 0.7194798939998877, "prec": 0.750569075683862, "recall": 0.7281965079511464, "sp_em": 0.029709655638082377, "sp_f1": 0.5364333955488447, "sp_prec": 0.43104607374020254, "sp_recall": 0.7812382238513247, "joint_em": 0.01674544226873734, "joint_f1": 0.394690978231794, "joint_prec": 0.3291306611381638, "joint_recall": 0.5790642426060149}