{"em": 0.5313977042538826, "f1": 0.6727633926183815, "prec": 0.708447411992313, "recall": 0.68106277865731, "sp_em": 0.424848075624578, "sp_f1": 0.811258129671391, "sp_prec": 0.8148750844024399, "sp_recall": 0.8435095334555218, "joint_em": 0.24334908845374748, "joint_f1": 0.5623248038982585, "joint_prec": 0.5928906704743943, "joint_recall": 0.5906501577485687}