{"em": 0.02349763673193788, "f1": 0.08287280385639662, "prec": 0.11640736111364075, "recall": 0.07576910185620513, "sp_em": 0.05401755570560432, "sp_f1": 0.5518638267726713, "sp_prec": 0.5061296528514614, "sp_recall": 0.6825066718111951, "joint_em": 0.002025658338960162, "joint_f1": 0.0539895464518045, "joint_prec": 0.06616329575968344, "joint_recall": 0.058811752711989}