{"em": 0.07346387575962188, "f1": 0.13910443816338686, "prec": 0.13014178521605949, "recall": 0.17722450917192162, "sp_em": 0.049696151249155975, "sp_f1": 0.559422867626786, "sp_prec": 0.5163969004212086, "sp_recall": 0.678619497765344, "joint_em": 0.006076975016880486, "joint_f1": 0.0843048911608357, "joint_prec": 0.07498189019323387, "joint_recall": 0.12888945556171577}