{"em": 0.05901417960837272, "f1": 0.1284996184413671, "prec": 0.12023418737463308, "recall": 0.16456053661995607, "sp_em": 0.04659014179608373, "sp_f1": 0.5448272149487583, "sp_prec": 0.5033180605125233, "sp_recall": 0.6613922381916973, "joint_em": 0.004456448345712356, "joint_f1": 0.07574700178045919, "joint_prec": 0.06786826407982481, "joint_recall": 0.11765685735976068}