{"em": 0.02322754895340986, "f1": 0.08725291167353331, "prec": 0.10389315613488465, "recall": 0.10506454982484702, "sp_em": 0.004591492234976367, "sp_f1": 0.444460593842735, "sp_prec": 0.31800246152687633, "sp_recall": 0.8396504935532638, "joint_em": 0.0, "joint_f1": 0.044723813905632404, "joint_prec": 0.037458298240745806, "joint_recall": 0.0947474784324886}