{"em": 0.11384199864956111, "f1": 0.18526104801859447, "prec": 0.17984188405187737, "recall": 0.21409090290758087, "sp_em": 0.08737339635381498, "sp_f1": 0.5939470035553838, "sp_prec": 0.5616793672229152, "sp_recall": 0.7008459535063174, "joint_em": 0.012153950033760972, "joint_f1": 0.1181053747538432, "joint_prec": 0.10916765526843152, "joint_recall": 0.16125585826632402}