{"em": 0.55016880486158, "f1": 0.693003577313028, "prec": 0.7282336850635289, "recall": 0.7014255653941682, "sp_em": 0.4777852802160702, "sp_f1": 0.8291407954338678, "sp_prec": 0.8406549628629401, "sp_recall": 0.8506845439053478, "joint_em": 0.2833220796758947, "joint_f1": 0.5905496721796273, "joint_prec": 0.6287888404390752, "joint_recall": 0.6110924286407045}