{"em": 0.017420661715057392, "f1": 0.06636984433315249, "prec": 0.06827583100371752, "recall": 0.09286179949851163, "sp_em": 0.03227548953409858, "sp_f1": 0.45201675433689015, "sp_prec": 0.3888469616222082, "sp_recall": 0.6343882833349407, "joint_em": 0.0008102633355840649, "joint_f1": 0.03630137591922403, "joint_prec": 0.03203570902288905, "joint_recall": 0.07208580780541304}