{"em": 0.5577312626603647, "f1": 0.6978066862139976, "prec": 0.7298312506010001, "recall": 0.7073935240792891, "sp_em": 0.026738690074274138, "sp_f1": 0.5158508113758816, "sp_prec": 0.4111873204445822, "sp_recall": 0.7695818462428875, "joint_em": 0.014314652261985146, "joint_f1": 0.3664847053661026, "joint_prec": 0.3038364836627974, "joint_recall": 0.5512612608889546}