{"em": 0.054827819041188386, "f1": 0.11383362372792956, "prec": 0.11590502190434666, "recall": 0.13747146528474724, "sp_em": 0.04307900067521945, "sp_f1": 0.5144536317460029, "sp_prec": 0.46343976077939764, "sp_recall": 0.6445799170444684, "joint_em": 0.0024307900067521947, "joint_f1": 0.06544847200533084, "joint_prec": 0.06102498965885187, "joint_recall": 0.09830165729994934}