{"em": 0.5570560432140446, "f1": 0.6981077411936152, "prec": 0.7328065399976261, "recall": 0.705836407626832, "sp_em": 0.45185685347738014, "sp_f1": 0.8243161527496725, "sp_prec": 0.8263223047490528, "sp_recall": 0.85658676569886, "joint_em": 0.2664415935178933, "joint_f1": 0.5907299937020745, "joint_prec": 0.6215155640992888, "joint_recall": 0.6189732801573546}