{"em": 0.5378798109385551, "f1": 0.6766821288049419, "prec": 0.711950607348986, "recall": 0.6848682833034623, "sp_em": 0.46549628629304524, "sp_f1": 0.8198044007159725, "sp_prec": 0.8382084177357729, "sp_recall": 0.8357123565158735, "joint_em": 0.27062795408507767, "joint_f1": 0.5718443408174755, "joint_prec": 0.613491325415024, "joint_recall": 0.589496495595581}