{"em": 0.05010128291694801, "f1": 0.11587411133697208, "prec": 0.11878050751109491, "recall": 0.1428254444932366, "sp_em": 0.014719783929777177, "sp_f1": 0.4434626369791896, "sp_prec": 0.34196832057552595, "sp_recall": 0.7236412012475477, "joint_em": 0.0006752194463200541, "joint_f1": 0.054348135756885275, "joint_prec": 0.04364607958126248, "joint_recall": 0.10763985676713549}