{"em": 0.04659014179608373, "f1": 0.10182083149529385, "prec": 0.10796112770116825, "recall": 0.12221660198464428, "sp_em": 0.014449696151249155, "sp_f1": 0.447188253205015, "sp_prec": 0.33990246041295097, "sp_recall": 0.7460485193402138, "joint_em": 0.0010803511141120863, "joint_f1": 0.05255508397112195, "joint_prec": 0.04244738966435626, "joint_recall": 0.10287265854718297}