{"em": 0.5350438892640108, "f1": 0.6759616213618304, "prec": 0.7137346658143409, "recall": 0.6816079282335196, "sp_em": 0.4337609723160027, "sp_f1": 0.8175760356381837, "sp_prec": 0.8174454197614335, "sp_recall": 0.8532505385678983, "joint_em": 0.2525320729237002, "joint_f1": 0.5694875434532934, "joint_prec": 0.6010272443064446, "joint_recall": 0.5967594833768001}