{
    "em": 0.03038487508440243,
    "f1": 0.03215985618138378,
    "prec": 0.03175507626891827,
    "recall": 0.03398508086556702,
    "sp_em": 0.007427413909520594,
    "sp_f1": 0.4588524998146759,
    "sp_prec": 0.3486771544907955,
    "sp_recall": 0.7606938683643637,
    "joint_em": 0.0004051316677920324,
    "joint_f1": 0.015791196245901543,
    "joint_prec": 0.011796483499161884,
    "joint_recall": 0.027960747957371863
}