{
    "em": 0.03024983119513842,
    "f1": 0.032196752663249874,
    "prec": 0.03174790510712185,
    "recall": 0.034151634995659305,
    "sp_em": 0.014044564483457124,
    "sp_f1": 0.4685612009717236,
    "sp_prec": 0.3737475245139021,
    "sp_recall": 0.7179719301630181,
    "joint_em": 0.0006752194463200541,
    "joint_f1": 0.016255012665901993,
    "joint_prec": 0.012605726056177824,
    "joint_recall": 0.026843447334669486
}