{"em": 0.5187035786630655, "f1": 0.6601151461821595, "prec": 0.6972758043217188, "recall": 0.6668215557220409, "sp_em": 0.42700877785280217, "sp_f1": 0.8076316556127754, "sp_prec": 0.8106887238352565, "sp_recall": 0.8408903250699409, "joint_em": 0.23821742066171506, "joint_f1": 0.5496072159918225, "joint_prec": 0.5803042485935748, "joint_recall": 0.5779848456481576}