{"em": 0.051046590141796085, "f1": 0.11511842693682497, "prec": 0.11586892363394716, "recall": 0.1431417710462077, "sp_em": 0.019446320054017557, "sp_f1": 0.4583649926485517, "sp_prec": 0.365573237642515, "sp_recall": 0.7054311758464356, "joint_em": 0.002025658338960162, "joint_f1": 0.05930362601208921, "joint_prec": 0.04834374456237672, "joint_recall": 0.11303111860689201}