{"em": 0.5457123565158677, "f1": 0.6873207809859925, "prec": 0.7220521435950192, "recall": 0.6954471436358676, "sp_em": 0.4587440918298447, "sp_f1": 0.826671986577483, "sp_prec": 0.8247715507540059, "sp_recall": 0.8614150670396514, "joint_em": 0.26792707629979745, "joint_f1": 0.5841296501583367, "joint_prec": 0.6114471587194383, "joint_recall": 0.614657815457105}