{"em": 0.5864956110735989, "f1": 0.7231866594992424, "prec": 0.7484448659600579, "recall": 0.7361008116150719, "sp_em": 0.031330182309250505, "sp_f1": 0.5057784606156019, "sp_prec": 0.3998539434157278, "sp_recall": 0.7696249316742234, "joint_em": 0.019176232275489535, "joint_f1": 0.37192433996492186, "joint_prec": 0.30331660136969946, "joint_recall": 0.5731877764920404}