{"em": 0.6040513166779203, "f1": 0.7414105125185757, "prec": 0.7706939751673033, "recall": 0.7519521240058844, "sp_em": 0.04294395678595544, "sp_f1": 0.5249450227167868, "sp_prec": 0.4222642729766311, "sp_recall": 0.768263882190285, "joint_em": 0.027278865631330182, "joint_f1": 0.39547479246171824, "joint_prec": 0.3290340893757528, "joint_recall": 0.5841961803596619}