{"em": 0.5557056043214045, "f1": 0.6954701175164921, "prec": 0.7269699547957477, "recall": 0.7051274710536148, "sp_em": 0.019716407832545576, "sp_f1": 0.49800944727955276, "sp_prec": 0.3770815067550189, "sp_recall": 0.8365374103726594, "joint_em": 0.011478730587440918, "joint_f1": 0.3546986089674465, "joint_prec": 0.2783786572429216, "joint_recall": 0.5978308297213535}