{"em": 0.029709655638082377, "f1": 0.10063647593852032, "prec": 0.09768142990627803, "recall": 0.1473563247796677, "sp_em": 0.012559081701553005, "sp_f1": 0.4513790757192424, "sp_prec": 0.3419089807024223, "sp_recall": 0.7637649914793738, "joint_em": 0.0009453072248480756, "joint_f1": 0.05072987785062316, "joint_prec": 0.039229488637590626, "joint_recall": 0.1263047457225177}