{"em": 0.525185685347738, "f1": 0.6654183356559783, "prec": 0.7014191472868033, "recall": 0.6733378297372226, "sp_em": 0.42538825118163404, "sp_f1": 0.8038043792804349, "sp_prec": 0.8237699752419618, "sp_recall": 0.8233934600173676, "joint_em": 0.24469952734638759, "joint_f1": 0.5534030736571562, "joint_prec": 0.5958520926643788, "joint_recall": 0.5730585340397935}